{
  "uuid": "826e0f9d-3d80-3770-9306-f96053bb3050",
  "starterPrompted": true,
  "starterLocked": false,
  "starterSelected": true,
  "starterUUID": "59a7c078-d3ce-4e23-be12-907c37bbc131",
  "keyItems": [],
  "battleTheme": "cobblemon:battle.pvp.default",
  "extraData": {},
  "advancementData": {
    "totalCaptureCount": 3,
    "totalEggsHatched": 0,
    "totalEvolvedCount": 1,
    "totalBattleVictoryCount": 16,
    "totalPvPBattleVictoryCount": 0,
    "totalPvWBattleVictoryCount": 16,
    "totalPvNBattleVictoryCount": 0,
    "totalShinyCaptureCount": 0,
    "totalTradedCount": 0,
    "totalTypeCaptureCounts": {
      "normal": 1,
      "water": 1,
      "ice": 1,
      "bug": 1,
      "flying": 1
    },
    "totalDefeatedCounts": {
      "cobblemon:klink": 1,
      "cobblemon:mawile": 1,
      "cobblemon:diglett": 5,
      "cobblemon:roggenrola": 1,
      "cobblemon:spinarak": 1,
      "cobblemon:gimmighoul": 1,
      "cobblemon:whismur": 1,
      "cobblemon:geodude": 2,
      "cobblemon:zubat": 1,
      "cobblemon:bunnelby": 1
    },
    "aspectsCollected": {}
  }
}