{
  "uuid": "826e0f9d-3d80-3770-9306-f96053bb3050",
  "starterPrompted": true,
  "starterLocked": false,
  "starterSelected": true,
  "starterUUID": "59a7c078-d3ce-4e23-be12-907c37bbc131",
  "keyItems": [],
  "battleTheme": "cobblemon:battle.pvp.default",
  "extraData": {},
  "advancementData": {
    "totalCaptureCount": 0,
    "totalEggsHatched": 0,
    "totalEvolvedCount": 0,
    "totalBattleVictoryCount": 5,
    "totalPvPBattleVictoryCount": 0,
    "totalPvWBattleVictoryCount": 5,
    "totalPvNBattleVictoryCount": 0,
    "totalShinyCaptureCount": 0,
    "totalTradedCount": 0,
    "totalTypeCaptureCounts": {},
    "totalDefeatedCounts": {
      "cobblemon:klink": 1,
      "cobblemon:mawile": 1,
      "cobblemon:diglett": 1,
      "cobblemon:roggenrola": 1,
      "cobblemon:spinarak": 1
    },
    "aspectsCollected": {}
  }
}