{"stats":{"minecraft:crafted":{"minecraft:oak_planks":12,"minecraft:iron_axe":1,"minecraft:crafting_table":1,"minecraft:stick":8,"minecraft:iron_ingot":2,"minecraft:baked_potato":2,"minecraft:iron_pickaxe":1,"minecraft:copper_ingot":3,"minecraft:mangrove_planks":4,"minecraft:air":0},"minecraft:killed":{"minecraft:skeleton":1,"minecraft:cow":1},"minecraft:mined":{"minecraft:spruce_planks":1,"minecraft:furnace":1,"minecraft:iron_ore":3,"minecraft:crafting_table":1,"minecraft:spruce_trapdoor":1,"minecraft:ladder":2,"minecraft:grass":9,"minecraft:emerald_ore":1,"minecraft:coal_ore":10,"minecraft:oak_log":3,"minecraft:vine":1,"minecraft:gravel":1,"minecraft:sand":1,"minecraft:mangrove_log":1,"minecraft:copper_ore":1,"minecraft:stone":10,"minecraft:sugar_cane":4,"minecraft:oak_leaves":4,"cobblemon:relic_coin_pouch":1,"minecraft:suspicious_gravel":2},"minecraft:used":{"minecraft:iron_axe":6,"minecraft:baked_potato":1,"minecraft:iron_pickaxe":26,"minecraft:mangrove_planks":2,"minecraft:ladder":3,"minecraft:spruce_planks":1,"minecraft:leather_chestplate":1,"minecraft:cobblestone":7,"minecraft:crafting_table":2,"minecraft:furnace":1,"minecraft:carrot":9},"minecraft:picked_up":{"minecraft:crafting_table":1,"minecraft:raw_iron":3,"minecraft:ladder":3,"minecraft:leather":1,"cobblemon:kebia_berry":3,"minecraft:oak_log":3,"cobblemon:pink_apricorn":3,"minecraft:raw_copper":3,"cobblemon:pink_apricorn_seed":1,"cobblemon:white_apricorn":3,"minecraft:arrow":1,"minecraft:bone":1,"minecraft:spruce_planks":1,"minecraft:beef":2,"cobblemon:relic_coin":5,"minecraft:emerald":1,"minecraft:sugar_cane":12,"minecraft:coal":16,"minecraft:mangrove_log":1,"minecraft:furnace":1,"minecraft:cobblestone":12},"minecraft:custom":{"minecraft:time_since_rest":53705,"minecraft:interact_with_furnace":12,"minecraft:sprint_one_cm":64531,"minecraft:damage_taken":128,"minecraft:walk_one_cm":105679,"minecraft:mob_kills":2,"minecraft:damage_dealt":445,"minecraft:swim_one_cm":9764,"minecraft:interact_with_crafting_table":11,"minecraft:fly_one_cm":89507,"minecraft:open_chest":2,"minecraft:crouch_one_cm":15105,"minecraft:play_time":53705,"minecraft:sneak_time":4015,"minecraft:walk_under_water_one_cm":3849,"minecraft:jump":547,"minecraft:walk_on_water_one_cm":8445,"minecraft:time_since_death":53705,"minecraft:climb_one_cm":3289,"minecraft:total_world_time":53705,"minecraft:interact_with_smoker":1,"minecraft:fall_one_cm":11139}},"DataVersion":3465}