{"stats":{"minecraft:crafted":{"minecraft:oak_planks":12,"minecraft:crafting_table":1,"minecraft:baked_potato":2,"minecraft:copper_ingot":3,"minecraft:mangrove_planks":4,"minecraft:cooked_mutton":3,"minecraft:air":0,"cobblemon:heal_ball":4,"minecraft:iron_axe":1,"minecraft:stick":8,"minecraft:iron_ingot":6,"minecraft:iron_pickaxe":1,"cobblemon:love_ball":4},"minecraft:killed":{"minecraft:cave_spider":2,"cobblemon:pokemon":3,"minecraft:creeper":1,"minecraft:sheep":1,"minecraft:skeleton":5,"minecraft:cow":1},"minecraft:dropped":{"cobblemon:relic_coin":5,"cobblemon:moon_stone":1,"minecraft:stick":4,"cobblemon:vivichoke_seeds":3,"minecraft:andesite":1,"minecraft:bamboo":1,"minecraft:pumpkin":3,"minecraft:arrow":5,"minecraft:calcite":1,"minecraft:white_wool":2,"minecraft:bone":4},"minecraft:mined":{"minecraft:spruce_planks":1,"megamons:anistarite_geode_block":2,"minecraft:oak_fence":1,"minecraft:crafting_table":2,"minecraft:granite":4,"minecraft:spruce_trapdoor":1,"minecraft:ladder":2,"minecraft:emerald_ore":1,"minecraft:calcite":1,"minecraft:cobblestone":1,"minecraft:copper_ore":5,"megamons:crystal_moon_stone_ore":1,"minecraft:lapis_ore":8,"minecraft:sugar_cane":4,"cobblemon:relic_coin_pouch":1,"minecraft:amethyst_block":1,"minecraft:spawner":1,"minecraft:furnace":3,"minecraft:iron_ore":26,"minecraft:andesite":6,"minecraft:gold_block":1,"minecraft:grass":14,"minecraft:oak_log":3,"minecraft:coal_ore":10,"minecraft:vine":1,"minecraft:gravel":2,"minecraft:sand":1,"minecraft:mangrove_log":1,"minecraft:stone":15,"minecraft:gold_ore":8,"minecraft:white_wool":6,"minecraft:oak_leaves":4,"minecraft:suspicious_gravel":2},"minecraft:picked_up":{"minecraft:crafting_table":3,"minecraft:ladder":3,"minecraft:andesite":1,"minecraft:leather":1,"cobblemon:kebia_berry":3,"cobblemon:roseate_ball":50,"minecraft:gold_block":1,"minecraft:oak_log":3,"minecraft:amethyst_block":1,"minecraft:lapis_lazuli":51,"cobblemon:pink_apricorn_seed":2,"minecraft:raw_copper":18,"cobblemon:white_apricorn":3,"minecraft:bone":4,"minecraft:raw_gold":8,"cobblemon:green_apricorn":2,"minecraft:spruce_planks":1,"minecraft:beef":2,"cobblemon:relic_coin":5,"minecraft:calcite":1,"cobblemon:moon_stone":2,"minecraft:sugar_cane":12,"minecraft:mangrove_log":1,"minecraft:furnace":3,"minecraft:stick":4,"minecraft:raw_iron":25,"minecraft:cooked_porkchop":8,"minecraft:torch":1,"cobblemon:pink_apricorn":9,"cobblemon:aspear_berry":4,"minecraft:arrow":5,"minecraft:emerald":1,"minecraft:mutton":3,"minecraft:coal":21,"minecraft:white_wool":6,"minecraft:cobblestone":17},"minecraft:used":{"minecraft:cooked_mutton":3,"minecraft:mangrove_planks":2,"minecraft:baked_potato":2,"minecraft:ladder":3,"minecraft:spruce_planks":1,"minecraft:leather_chestplate":1,"minecraft:white_wool":4,"minecraft:torch":1,"minecraft:crafting_table":2,"minecraft:carrot":19,"minecraft:iron_axe":40,"minecraft:iron_pickaxe":97,"minecraft:cobblestone":14,"minecraft:furnace":2,"minecraft:cooked_porkchop":1},"minecraft:custom":{"minecraft:interact_with_furnace":24,"minecraft:mob_kills":13,"minecraft:interact_with_crafting_table":17,"minecraft:time_since_death":77705,"minecraft:climb_one_cm":3289,"minecraft:time_since_rest":77705,"minecraft:sprint_one_cm":145250,"minecraft:damage_taken":517,"minecraft:walk_one_cm":186536,"minecraft:drop":18,"minecraft:damage_dealt":2174,"minecraft:swim_one_cm":18511,"minecraft:fly_one_cm":220495,"minecraft:open_chest":4,"minecraft:crouch_one_cm":16584,"minecraft:play_time":77705,"minecraft:sneak_time":5084,"minecraft:walk_under_water_one_cm":4170,"minecraft:jump":1089,"minecraft:walk_on_water_one_cm":9347,"minecraft:interact_with_smoker":1,"minecraft:total_world_time":77705,"minecraft:fall_one_cm":27670}},"DataVersion":3465}