{"stats":{"minecraft:crafted":{"minecraft:oak_planks":68,"minecraft:furnace":1,"minecraft:cooked_mutton":5,"minecraft:iron_axe":1,"minecraft:chest":4,"minecraft:crafting_table":1,"minecraft:enchanting_table":1,"minecraft:baked_potato":2,"minecraft:copper_ingot":3,"minecraft:mangrove_planks":4,"minecraft:air":0,"cobblemon:heal_ball":4,"minecraft:book":1,"minecraft:paper":3,"minecraft:diamond_pickaxe":1,"minecraft:stick":16,"minecraft:iron_ingot":42,"minecraft:iron_pickaxe":1,"minecraft:iron_shovel":3,"minecraft:gold_ingot":32,"cobblemon:love_ball":4,"minecraft:torch":16},"minecraft:dropped":{"minecraft:leather":1,"minecraft:amethyst_block":1,"minecraft:mangrove_planks":2,"minecraft:copper_ingot":4,"cobblemon:shiny_stone":1,"cobblemon:moon_stone":1,"cobblemon:kebia_berry":3,"minecraft:coal":9,"cobblemon:vivichoke_seeds":3,"minecraft:stick":8,"minecraft:flint":4,"minecraft:dirt":64,"cobblemon:green_apricorn":2,"minecraft:pumpkin":3,"minecraft:sand":1,"minecraft:iron_shovel":1,"minecraft:white_wool":2,"minecraft:bone":4,"cobblemon:relic_coin":5,"minecraft:oak_planks":4,"megamons:anistarite_geode_block":13,"megamons:anistarite_rough_geode_block":1,"cobblemon:aspear_berry":4,"minecraft:gunpowder":2,"minecraft:andesite":1,"cobblemon:pink_apricorn_seed":2,"minecraft:bamboo":1,"minecraft:arrow":5,"minecraft:calcite":1},"minecraft:killed":{"minecraft:cave_spider":2,"minecraft:spider":4,"minecraft:phantom":3,"minecraft:skeleton":7,"minecraft:drowned":1,"cobblemon:pokemon":7,"minecraft:creeper":6,"minecraft:sheep":2,"minecraft:pillager":2,"minecraft:zombie":18,"minecraft:cow":1},"minecraft:mined":{"minecraft:tuff":27,"minecraft:spruce_planks":1,"minecraft:mossy_cobblestone":2,"minecraft:deepslate_diamond_ore":40,"megamons:crystal_shiny_stone_ore":1,"minecraft:spruce_trapdoor":1,"minecraft:ladder":2,"minecraft:granite":13,"minecraft:grass_block":338,"megamons:crystal_water_stone_ore":1,"megamons:crystal_fire_stone_ore":2,"megamons:crystal_dusk_stone_ore":2,"minecraft:oxeye_daisy":1,"minecraft:spawner":3,"minecraft:tall_seagrass":1,"minecraft:redstone_ore":2,"minecraft:furnace":3,"minecraft:iron_ore":28,"minecraft:cobbled_deepslate":3,"minecraft:andesite":24,"minecraft:deepslate_lapis_ore":2,"minecraft:gold_block":1,"minecraft:deepslate_iron_ore":16,"minecraft:vine":1,"minecraft:stone":171,"minecraft:white_wool":6,"megamons:crystal_thunder_stone_ore":1,"megamons:crystal_leaf_stone_ore":1,"megamons:anistarite_rough_geode_block":4,"minecraft:deepslate_redstone_ore":5,"megamons:anistarite_geode_block":31,"megamons:kangaskhanite_crystal_ore":1,"minecraft:oak_fence":1,"minecraft:crafting_table":5,"minecraft:torch":4,"minecraft:emerald_ore":1,"minecraft:calcite":1,"minecraft:chest":1,"minecraft:copper_ore":11,"minecraft:cobblestone":13,"megamons:crystal_moon_stone_ore":3,"minecraft:lapis_ore":10,"minecraft:deepslate_gold_ore":20,"minecraft:sugar_cane":7,"minecraft:diorite":5,"cobblemon:relic_coin_pouch":1,"minecraft:wall_torch":1,"minecraft:amethyst_block":1,"minecraft:deepslate_copper_ore":3,"minecraft:seagrass":1,"minecraft:grass":57,"megamons:crystal_dawn_stone_ore":1,"minecraft:oak_log":17,"minecraft:coal_ore":11,"megamons:crystal_sun_stone_ore":2,"minecraft:gravel":20,"minecraft:sand":11,"minecraft:dirt":355,"minecraft:mangrove_log":1,"minecraft:gold_ore":12,"minecraft:oak_leaves":7,"minecraft:deepslate":157,"minecraft:suspicious_gravel":2},"minecraft:used":{"minecraft:enchanting_table":1,"minecraft:iron_shovel":713,"minecraft:ladder":3,"minecraft:chest":5,"minecraft:spruce_planks":1,"minecraft:rotten_flesh":24,"minecraft:torch":14,"minecraft:dirt":10,"minecraft:mutton":1,"minecraft:carrot":19,"minecraft:granite":4,"minecraft:iron_axe":178,"minecraft:beef":2,"minecraft:furnace":3,"minecraft:cobbled_deepslate":112,"minecraft:cooked_mutton":5,"minecraft:baked_potato":2,"minecraft:mangrove_planks":2,"minecraft:leather_chestplate":1,"minecraft:sugar_cane":12,"minecraft:white_wool":4,"minecraft:crafting_table":7,"minecraft:white_bed":1,"minecraft:diamond_pickaxe":398,"minecraft:bread":1,"minecraft:iron_pickaxe":250,"minecraft:cobblestone":63,"minecraft:cooked_porkchop":8,"minecraft:bucket":1},"minecraft:picked_up":{"cobblemon:leaf_stone":1,"minecraft:crafting_table":6,"minecraft:azure_bluet":2,"minecraft:ladder":3,"minecraft:gold_block":1,"minecraft:amethyst_block":1,"minecraft:raw_copper":45,"cobblemon:white_apricorn":3,"minecraft:iron_shovel":1,"minecraft:cobbled_deepslate":112,"cobblemon:green_apricorn":2,"minecraft:spruce_planks":1,"minecraft:beef":2,"cobblemon:oran_berry":49,"minecraft:calcite":1,"cobblemon:relic_coin":5,"cobblemon:dusk_stone":2,"minecraft:sugar_cane":15,"minecraft:chest":1,"minecraft:furnace":3,"minecraft:mangrove_log":1,"minecraft:raw_iron":43,"minecraft:stick":8,"minecraft:copper_ingot":2,"minecraft:torch":6,"minecraft:redstone":30,"minecraft:rabbit_foot":1,"cobblemon:dawn_stone":1,"minecraft:rotten_flesh":18,"minecraft:arrow":10,"minecraft:mutton":6,"minecraft:cobblestone":128,"minecraft:white_wool":9,"minecraft:oxeye_daisy":2,"minecraft:andesite":1,"minecraft:leather":6,"megamons:raw_kangaskhanite":1,"cobblemon:kebia_berry":3,"cobblemon:roseate_ball":50,"minecraft:flint":1,"minecraft:oak_log":17,"minecraft:gunpowder":2,"megamons:anistarite_geode_block":24,"minecraft:lapis_lazuli":65,"minecraft:dirt":693,"cobblemon:pink_apricorn_seed":2,"minecraft:bone":7,"minecraft:wheat_seeds":4,"minecraft:raw_gold":32,"minecraft:rabbit_hide":2,"cobblemon:thunder_stone":1,"minecraft:rabbit":1,"cobblemon:moon_stone":4,"minecraft:oak_planks":4,"minecraft:cooked_porkchop":8,"minecraft:dandelion":10,"cobblemon:shiny_stone":1,"cobblemon:fire_stone":2,"minecraft:sand":11,"cobblemon:pink_apricorn":9,"minecraft:white_bed":1,"cobblemon:aspear_berry":4,"megamons:anistarite_rough_geode_block":1,"minecraft:diamond":40,"minecraft:granite":4,"minecraft:emerald":1,"cobblemon:water_stone":1,"minecraft:coal":53},"minecraft:broken":{"minecraft:iron_shovel":2,"minecraft:iron_axe":1,"minecraft:iron_pickaxe":1},"minecraft:custom":{"minecraft:mob_kills":53,"minecraft:interact_with_crafting_table":41,"minecraft:leave_game":1,"minecraft:time_since_death":233912,"minecraft:climb_one_cm":3289,"minecraft:sprint_one_cm":372638,"minecraft:walk_one_cm":541703,"minecraft:drop":40,"minecraft:play_time":233912,"minecraft:sneak_time":7133,"minecraft:walk_under_water_one_cm":4645,"minecraft:jump":2547,"minecraft:walk_on_water_one_cm":14015,"minecraft:enchant_item":1,"minecraft:total_world_time":233912,"minecraft:interact_with_furnace":41,"minecraft:sleep_in_bed":1,"minecraft:time_since_rest":7358,"minecraft:damage_taken":1446,"minecraft:damage_dealt":9615,"minecraft:swim_one_cm":18975,"minecraft:fly_one_cm":441323,"minecraft:open_chest":43,"minecraft:crouch_one_cm":19684,"minecraft:interact_with_smoker":1,"minecraft:fall_one_cm":58193}},"DataVersion":3465}