{"stats":{"minecraft:crafted":{"minecraft:oak_planks":12,"minecraft:crafting_table":1,"minecraft:baked_potato":2,"minecraft:copper_ingot":3,"minecraft:mangrove_planks":4,"minecraft:cooked_mutton":3,"minecraft:air":0,"minecraft:iron_axe":1,"minecraft:stick":8,"minecraft:iron_ingot":6,"minecraft:iron_pickaxe":1,"cobblemon:love_ball":4},"minecraft:dropped":{"minecraft:pumpkin":3,"minecraft:arrow":1,"minecraft:bone":1},"minecraft:killed":{"cobblemon:pokemon":3,"minecraft:sheep":1,"minecraft:skeleton":1,"minecraft:cow":1},"minecraft:mined":{"minecraft:spruce_planks":1,"minecraft:crafting_table":2,"minecraft:spruce_trapdoor":1,"minecraft:ladder":2,"minecraft:emerald_ore":1,"minecraft:copper_ore":1,"minecraft:sugar_cane":4,"cobblemon:relic_coin_pouch":1,"minecraft:furnace":2,"minecraft:iron_ore":7,"minecraft:gold_block":1,"minecraft:grass":14,"minecraft:oak_log":3,"minecraft:coal_ore":10,"minecraft:vine":1,"minecraft:gravel":1,"minecraft:sand":1,"minecraft:mangrove_log":1,"minecraft:stone":12,"minecraft:oak_leaves":4,"minecraft:suspicious_gravel":2},"minecraft:picked_up":{"minecraft:crafting_table":2,"minecraft:ladder":3,"minecraft:leather":1,"cobblemon:kebia_berry":3,"cobblemon:roseate_ball":50,"minecraft:gold_block":1,"minecraft:oak_log":3,"cobblemon:pink_apricorn_seed":2,"minecraft:raw_copper":3,"cobblemon:white_apricorn":3,"minecraft:bone":1,"cobblemon:green_apricorn":2,"minecraft:spruce_planks":1,"minecraft:beef":2,"cobblemon:relic_coin":5,"minecraft:sugar_cane":12,"minecraft:mangrove_log":1,"minecraft:furnace":2,"minecraft:raw_iron":7,"cobblemon:pink_apricorn":9,"cobblemon:aspear_berry":4,"minecraft:arrow":1,"minecraft:emerald":1,"minecraft:mutton":3,"minecraft:coal":16,"minecraft:white_wool":4,"minecraft:cobblestone":14},"minecraft:used":{"minecraft:cooked_mutton":3,"minecraft:mangrove_planks":2,"minecraft:baked_potato":2,"minecraft:ladder":3,"minecraft:spruce_planks":1,"minecraft:leather_chestplate":1,"minecraft:crafting_table":2,"minecraft:carrot":10,"minecraft:iron_axe":19,"minecraft:iron_pickaxe":34,"minecraft:cobblestone":13,"minecraft:furnace":2},"minecraft:custom":{"minecraft:interact_with_furnace":24,"minecraft:mob_kills":6,"minecraft:interact_with_crafting_table":14,"minecraft:time_since_death":65705,"minecraft:climb_one_cm":3289,"minecraft:time_since_rest":65705,"minecraft:sprint_one_cm":106834,"minecraft:damage_taken":164,"minecraft:walk_one_cm":135892,"minecraft:drop":3,"minecraft:damage_dealt":1023,"minecraft:swim_one_cm":18511,"minecraft:fly_one_cm":184353,"minecraft:open_chest":4,"minecraft:crouch_one_cm":15105,"minecraft:play_time":65705,"minecraft:sneak_time":4035,"minecraft:walk_under_water_one_cm":4170,"minecraft:jump":929,"minecraft:walk_on_water_one_cm":9347,"minecraft:interact_with_smoker":1,"minecraft:total_world_time":65705,"minecraft:fall_one_cm":23330}},"DataVersion":3465}