{"stats":{"minecraft:crafted":{"minecraft:grindstone":1,"minecraft:smooth_stone":2,"minecraft:oak_planks":80,"minecraft:cobblestone_slab":6,"cobblemon:slate_ball":4,"minecraft:furnace":3,"minecraft:stone":6,"minecraft:diamond_shovel":1,"minecraft:cooked_mutton":5,"minecraft:glass":3,"minecraft:diamond_helmet":1,"minecraft:diamond_leggings":1,"minecraft:iron_axe":1,"minecraft:chest":4,"minecraft:diamond_boots":1,"minecraft:cooked_rabbit":1,"minecraft:cooked_beef":8,"minecraft:diamond_sword":1,"minecraft:diamond_axe":1,"minecraft:crafting_table":2,"minecraft:enchanting_table":1,"minecraft:baked_potato":2,"cobblemon:pc":1,"minecraft:copper_ingot":106,"minecraft:mangrove_planks":4,"minecraft:birch_planks":4,"minecraft:air":0,"cobblemon:heal_ball":4,"minecraft:oak_boat":1,"minecraft:book":2,"minecraft:paper":6,"minecraft:diamond_pickaxe":1,"minecraft:shield":1,"minecraft:stick":24,"minecraft:stone_slab":6,"minecraft:iron_ingot":42,"minecraft:iron_pickaxe":1,"minecraft:iron_block":4,"minecraft:iron_shovel":3,"minecraft:gold_ingot":32,"minecraft:anvil":1,"cobblemon:love_ball":4,"minecraft:torch":16,"minecraft:diamond_chestplate":1},"minecraft:killed":{"minecraft:cave_spider":2,"minecraft:spider":4,"minecraft:phantom":3,"minecraft:skeleton":8,"minecraft:chicken":1,"minecraft:drowned":1,"minecraft:pig":4,"cobblemon:pokemon":10,"minecraft:creeper":6,"minecraft:sheep":3,"minecraft:pillager":2,"minecraft:zombie":22,"minecraft:cow":5},"minecraft:dropped":{"minecraft:wheat_seeds":6,"minecraft:leather":1,"minecraft:amethyst_block":1,"minecraft:mangrove_planks":2,"minecraft:copper_ingot":4,"cobblemon:shiny_stone":1,"cobblemon:moon_stone":1,"cobblemon:kebia_berry":3,"minecraft:coal":9,"cobblemon:vivichoke_seeds":3,"minecraft:stick":8,"minecraft:flint":4,"minecraft:dirt":64,"cobblemon:green_apricorn":2,"minecraft:pumpkin":3,"minecraft:sand":1,"minecraft:iron_shovel":1,"minecraft:white_wool":2,"minecraft:dandelion":7,"minecraft:bone":4,"cobblemon:relic_coin":5,"minecraft:oak_planks":4,"megamons:anistarite_geode_block":13,"megamons:anistarite_rough_geode_block":1,"minecraft:shield":2,"cobblemon:aspear_berry":4,"minecraft:gunpowder":2,"minecraft:andesite":1,"cobblemon:pink_apricorn_seed":2,"minecraft:bamboo":1,"minecraft:arrow":7,"minecraft:calcite":1},"minecraft:mined":{"minecraft:tuff":27,"minecraft:spruce_planks":1,"minecraft:mossy_cobblestone":2,"minecraft:deepslate_diamond_ore":40,"megamons:crystal_shiny_stone_ore":1,"minecraft:spruce_trapdoor":1,"minecraft:ladder":2,"minecraft:granite":13,"minecraft:grass_block":482,"megamons:crystal_water_stone_ore":1,"megamons:crystal_fire_stone_ore":2,"megamons:crystal_dusk_stone_ore":2,"minecraft:oxeye_daisy":1,"minecraft:spawner":3,"minecraft:large_fern":4,"minecraft:tall_seagrass":1,"minecraft:redstone_ore":2,"minecraft:furnace":3,"minecraft:iron_ore":28,"minecraft:cobbled_deepslate":3,"minecraft:andesite":24,"minecraft:deepslate_lapis_ore":2,"minecraft:gold_block":1,"minecraft:deepslate_iron_ore":16,"minecraft:vine":1,"minecraft:stone":222,"minecraft:white_wool":6,"megamons:crystal_thunder_stone_ore":1,"megamons:crystal_leaf_stone_ore":1,"megamons:anistarite_rough_geode_block":4,"minecraft:deepslate_redstone_ore":5,"megamons:anistarite_geode_block":31,"megamons:kangaskhanite_crystal_ore":1,"minecraft:dandelion":2,"minecraft:oak_fence":1,"minecraft:crafting_table":6,"minecraft:torch":8,"minecraft:emerald_ore":1,"minecraft:calcite":1,"minecraft:chest":1,"minecraft:copper_ore":11,"minecraft:cobblestone":13,"megamons:crystal_moon_stone_ore":3,"minecraft:lapis_ore":12,"minecraft:deepslate_gold_ore":20,"minecraft:sugar_cane":9,"minecraft:diorite":5,"cobblemon:relic_coin_pouch":1,"minecraft:wall_torch":1,"minecraft:amethyst_block":1,"minecraft:deepslate_copper_ore":3,"minecraft:seagrass":1,"minecraft:grass":69,"megamons:crystal_dawn_stone_ore":1,"minecraft:oak_log":61,"minecraft:coal_ore":11,"megamons:crystal_sun_stone_ore":2,"minecraft:gravel":20,"minecraft:sand":11,"minecraft:dirt":670,"minecraft:mangrove_log":1,"minecraft:gold_ore":12,"minecraft:fern":1,"minecraft:oak_leaves":11,"minecraft:deepslate":157,"minecraft:suspicious_gravel":2},"minecraft:used":{"minecraft:enchanting_table":1,"minecraft:iron_shovel":759,"minecraft:ladder":3,"minecraft:shield":13,"minecraft:chest":5,"minecraft:spruce_planks":1,"minecraft:stone":1,"minecraft:rotten_flesh":24,"minecraft:torch":26,"minecraft:anvil":1,"minecraft:dirt":64,"minecraft:mutton":1,"minecraft:carrot":19,"minecraft:granite":4,"minecraft:iron_axe":178,"cobblemon:pc":1,"minecraft:beef":2,"minecraft:furnace":5,"minecraft:cooked_beef":5,"minecraft:cobbled_deepslate":112,"minecraft:cooked_mutton":5,"minecraft:baked_potato":2,"minecraft:mangrove_planks":2,"minecraft:leather_chestplate":1,"minecraft:diamond_axe":79,"minecraft:sugar_cane":12,"minecraft:white_wool":4,"minecraft:crafting_table":9,"minecraft:white_bed":1,"minecraft:diamond_pickaxe":451,"minecraft:diamond_shovel":413,"minecraft:bread":1,"minecraft:iron_pickaxe":250,"minecraft:stone_slab":2,"minecraft:diamond_sword":15,"minecraft:cobblestone":63,"minecraft:porkchop":2,"minecraft:grindstone":1,"minecraft:cooked_porkchop":8,"minecraft:cooked_rabbit":1,"minecraft:bucket":1,"minecraft:oak_boat":1},"minecraft:picked_up":{"cobblemon:leaf_stone":1,"minecraft:crafting_table":7,"minecraft:azure_bluet":3,"minecraft:ladder":3,"minecraft:gold_block":1,"minecraft:shield":2,"minecraft:amethyst_block":1,"minecraft:cornflower":2,"minecraft:raw_copper":45,"cobblemon:white_apricorn":3,"minecraft:iron_shovel":1,"minecraft:cobbled_deepslate":112,"cobblemon:green_apricorn":2,"minecraft:spruce_planks":1,"minecraft:beef":10,"cobblemon:oran_berry":76,"minecraft:calcite":1,"cobblemon:relic_coin":5,"minecraft:poppy":2,"cobblemon:dusk_stone":2,"minecraft:sugar_cane":18,"minecraft:chest":1,"minecraft:furnace":3,"minecraft:mangrove_log":1,"minecraft:raw_iron":43,"minecraft:stick":8,"minecraft:copper_ingot":2,"minecraft:torch":10,"minecraft:porkchop":8,"minecraft:redstone":30,"minecraft:rabbit_foot":1,"cobblemon:dawn_stone":1,"minecraft:rotten_flesh":20,"minecraft:arrow":13,"minecraft:mutton":8,"cobblemon:blue_apricorn":3,"minecraft:cobblestone":171,"minecraft:white_wool":10,"minecraft:oxeye_daisy":5,"minecraft:birch_log":1,"minecraft:feather":2,"minecraft:andesite":1,"minecraft:leather":13,"megamons:raw_kangaskhanite":1,"cobblemon:kebia_berry":3,"cobblemon:roseate_ball":50,"minecraft:flint":1,"cobblemon:slate_ball":1,"minecraft:oak_log":41,"minecraft:gunpowder":2,"megamons:anistarite_geode_block":24,"minecraft:lapis_lazuli":78,"minecraft:dirt":1313,"cobblemon:pink_apricorn_seed":2,"cobblemon:heal_ball":1,"minecraft:bone":7,"cobblemon:black_apricorn":5,"minecraft:wheat_seeds":18,"minecraft:raw_gold":32,"minecraft:rabbit_hide":2,"cobblemon:thunder_stone":1,"minecraft:rabbit":1,"cobblemon:moon_stone":4,"minecraft:oak_planks":4,"minecraft:cooked_porkchop":8,"minecraft:dandelion":17,"cobblemon:shiny_stone":1,"cobblemon:fire_stone":2,"minecraft:sand":11,"cobblemon:pink_apricorn":9,"minecraft:white_bed":1,"cobblemon:aspear_berry":4,"minecraft:spider_eye":1,"megamons:anistarite_rough_geode_block":1,"minecraft:diamond":40,"minecraft:granite":4,"minecraft:emerald":1,"minecraft:oak_sapling":1,"cobblemon:water_stone":1,"minecraft:coal":55},"minecraft:broken":{"minecraft:iron_shovel":3,"minecraft:iron_axe":1,"minecraft:iron_pickaxe":1},"minecraft:custom":{"minecraft:interact_with_anvil":3,"minecraft:mob_kills":71,"minecraft:interact_with_crafting_table":57,"minecraft:leave_game":1,"minecraft:time_since_death":305912,"minecraft:climb_one_cm":3289,"minecraft:sprint_one_cm":527673,"minecraft:walk_one_cm":797057,"minecraft:damage_blocked_by_shield":189,"minecraft:drop":45,"minecraft:play_time":305912,"minecraft:sneak_time":7331,"minecraft:walk_under_water_one_cm":7720,"minecraft:boat_one_cm":27900,"minecraft:jump":3458,"minecraft:walk_on_water_one_cm":20247,"minecraft:enchant_item":15,"minecraft:total_world_time":305912,"minecraft:interact_with_furnace":96,"minecraft:interact_with_grindstone":7,"minecraft:sleep_in_bed":4,"minecraft:time_since_rest":30929,"minecraft:damage_taken":1615,"minecraft:damage_dealt":12190,"minecraft:swim_one_cm":26490,"minecraft:fly_one_cm":651937,"minecraft:open_chest":86,"minecraft:crouch_one_cm":20377,"minecraft:interact_with_smoker":1,"minecraft:fall_one_cm":79211}},"DataVersion":3465}