{"stats":{"minecraft:crafted":{"minecraft:grindstone":1,"minecraft:smooth_stone":2,"minecraft:oak_planks":124,"minecraft:cobblestone_slab":6,"cobblemon:slate_ball":28,"minecraft:furnace":3,"minecraft:stone":6,"minecraft:diamond_shovel":1,"minecraft:flint_and_steel":1,"minecraft:cooked_mutton":5,"minecraft:glass":18,"minecraft:diamond_helmet":1,"minecraft:diamond_leggings":1,"minecraft:iron_axe":1,"megamons:mega_cuff":1,"minecraft:chest":6,"minecraft:diamond_boots":1,"minecraft:cooked_rabbit":1,"minecraft:wheat":54,"minecraft:cooked_beef":8,"minecraft:diamond_sword":1,"minecraft:diamond_axe":1,"minecraft:crafting_table":5,"minecraft:enchanting_table":1,"minecraft:baked_potato":2,"megamons:key_stone":1,"cobblemon:pc":1,"minecraft:copper_ingot":106,"minecraft:mangrove_planks":4,"minecraft:birch_planks":4,"cobblemon:roseate_ball":8,"minecraft:bread":18,"minecraft:air":0,"cobblemon:heal_ball":4,"cobblemon:heavy_ball":4,"minecraft:oak_boat":3,"cobblemon:poke_ball":20,"minecraft:book":2,"minecraft:paper":6,"minecraft:diamond_pickaxe":1,"minecraft:shield":1,"minecraft:stick":24,"minecraft:stone_slab":6,"minecraft:iron_ingot":42,"minecraft:iron_pickaxe":1,"minecraft:iron_block":4,"minecraft:iron_shovel":3,"minecraft:gold_ingot":32,"minecraft:anvil":1,"cobblemon:love_ball":4,"minecraft:torch":16,"minecraft:diamond_chestplate":1},"minecraft:killed":{"minecraft:cave_spider":2,"minecraft:witch":1,"minecraft:spider":6,"minecraft:phantom":4,"minecraft:skeleton":11,"minecraft:chicken":1,"minecraft:drowned":4,"minecraft:wolf":1,"minecraft:pig":6,"cobblemon:pokemon":18,"minecraft:creeper":7,"minecraft:sheep":6,"minecraft:pillager":2,"minecraft:zombie":34,"minecraft:enderman":2,"minecraft:cow":5},"minecraft:dropped":{"minecraft:wheat_seeds":9,"minecraft:glass_bottle":2,"minecraft:leather":1,"minecraft:amethyst_block":1,"cobblemon:dusk_stone":1,"minecraft:mangrove_planks":2,"minecraft:copper_ingot":4,"cobblemon:shiny_stone":1,"cobblemon:moon_stone":1,"cobblemon:kebia_berry":3,"minecraft:coal":9,"cobblemon:vivichoke_seeds":3,"minecraft:stick":10,"minecraft:flint":4,"minecraft:dirt":64,"cobblemon:slate_ball":6,"cobblemon:white_apricorn":5,"cobblemon:green_apricorn":2,"minecraft:pumpkin":3,"minecraft:sand":1,"minecraft:iron_shovel":1,"minecraft:dark_oak_planks":1,"minecraft:lily_pad":3,"minecraft:white_wool":3,"minecraft:dandelion":7,"minecraft:bone":4,"cobblemon:relic_coin":5,"minecraft:rotten_flesh":3,"minecraft:oak_planks":11,"cobblemon:black_apricorn":8,"minecraft:cooked_mutton":1,"megamons:anistarite_geode_block":13,"minecraft:filled_map":1,"minecraft:diamond_sword":1,"megamons:anistarite_rough_geode_block":1,"minecraft:shield":2,"cobblemon:aspear_berry":4,"minecraft:gunpowder":2,"minecraft:diamond_pickaxe":2,"minecraft:andesite":1,"cobblemon:pink_apricorn_seed":2,"minecraft:oak_sapling":1,"minecraft:bamboo":1,"minecraft:arrow":10,"minecraft:calcite":1},"minecraft:mined":{"minecraft:dark_oak_planks":1,"minecraft:tuff":28,"minecraft:spruce_planks":4,"minecraft:mossy_cobblestone":2,"minecraft:deepslate_diamond_ore":40,"cobblemon:big_root":3,"minecraft:obsidian":12,"megamons:crystal_shiny_stone_ore":1,"minecraft:spruce_trapdoor":1,"minecraft:ladder":2,"minecraft:granite":13,"minecraft:grass_block":512,"megamons:crystal_water_stone_ore":1,"megamons:crystal_fire_stone_ore":2,"megamons:crystal_dusk_stone_ore":2,"minecraft:oxeye_daisy":1,"minecraft:spawner":3,"minecraft:large_fern":4,"minecraft:hay_block":6,"minecraft:smooth_stone":2,"minecraft:tall_seagrass":1,"minecraft:redstone_ore":2,"minecraft:furnace":3,"minecraft:fire":4,"minecraft:iron_ore":28,"minecraft:cobbled_deepslate":3,"minecraft:andesite":26,"minecraft:deepslate_lapis_ore":2,"minecraft:gold_block":1,"minecraft:cobblestone_slab":1,"minecraft:deepslate_iron_ore":16,"minecraft:vine":1,"cobblemon:nether_fire_stone_ore":4,"minecraft:stone":224,"minecraft:white_wool":6,"megamons:crystal_thunder_stone_ore":1,"megamons:crystal_leaf_stone_ore":1,"megamons:anistarite_rough_geode_block":5,"minecraft:deepslate_redstone_ore":5,"megamons:anistarite_geode_block":35,"megamons:kangaskhanite_crystal_ore":1,"minecraft:dandelion":2,"minecraft:oak_fence":1,"minecraft:crafting_table":9,"minecraft:torch":8,"minecraft:emerald_ore":1,"minecraft:calcite":1,"minecraft:chest":1,"minecraft:dead_bush":1,"minecraft:tall_grass":2,"minecraft:copper_ore":11,"minecraft:cobblestone":16,"megamons:crystal_moon_stone_ore":3,"minecraft:lapis_ore":12,"minecraft:deepslate_gold_ore":20,"minecraft:lily_pad":1,"minecraft:sugar_cane":9,"minecraft:diorite":5,"cobblemon:relic_coin_pouch":1,"minecraft:wall_torch":1,"minecraft:amethyst_block":1,"minecraft:deepslate_copper_ore":3,"minecraft:seagrass":4,"minecraft:birch_leaves":1,"minecraft:stone_brick_stairs":2,"minecraft:grass":102,"megamons:crystal_dawn_stone_ore":1,"minecraft:oak_log":61,"minecraft:coal_ore":11,"megamons:crystal_sun_stone_ore":2,"minecraft:gravel":38,"minecraft:sand":47,"minecraft:dirt":676,"minecraft:mangrove_log":1,"minecraft:stone_bricks":1,"minecraft:netherrack":32,"minecraft:gold_ore":12,"minecraft:fern":8,"minecraft:oak_leaves":13,"minecraft:deepslate":157,"minecraft:suspicious_gravel":3},"minecraft:used":{"minecraft:enchanting_table":1,"minecraft:flint_and_steel":2,"minecraft:iron_shovel":759,"minecraft:ladder":3,"minecraft:shield":14,"minecraft:chest":7,"minecraft:spruce_planks":1,"minecraft:stone":1,"minecraft:rotten_flesh":33,"minecraft:netherrack":16,"minecraft:torch":26,"minecraft:anvil":1,"minecraft:dirt":127,"minecraft:mutton":7,"minecraft:carrot":19,"minecraft:obsidian":12,"minecraft:granite":4,"minecraft:iron_axe":178,"cobblemon:pc":1,"minecraft:beef":2,"minecraft:furnace":5,"minecraft:cooked_beef":8,"minecraft:cobbled_deepslate":112,"minecraft:cooked_mutton":15,"minecraft:water_bucket":4,"minecraft:baked_potato":2,"minecraft:mangrove_planks":2,"minecraft:cartography_table":1,"minecraft:leather_chestplate":1,"minecraft:cobblestone_slab":1,"minecraft:diamond_axe":163,"minecraft:sugar_cane":12,"minecraft:white_wool":4,"minecraft:sand":9,"minecraft:crafting_table":15,"minecraft:white_bed":1,"minecraft:diamond_pickaxe":531,"minecraft:diamond_shovel":497,"minecraft:bread":19,"minecraft:iron_pickaxe":250,"minecraft:stone_slab":2,"minecraft:diamond_sword":58,"minecraft:potion":2,"minecraft:cobblestone":63,"minecraft:porkchop":11,"minecraft:grindstone":1,"minecraft:cooked_porkchop":8,"minecraft:cooked_rabbit":1,"minecraft:bucket":5,"minecraft:oak_boat":7},"minecraft:picked_up":{"cobblemon:leaf_stone":1,"minecraft:crafting_table":10,"cobblemon:red_apricorn":20,"minecraft:azure_bluet":4,"minecraft:diamond_sword":1,"minecraft:ladder":3,"minecraft:gold_block":1,"minecraft:shield":2,"minecraft:amethyst_block":1,"minecraft:cornflower":2,"minecraft:raw_copper":45,"cobblemon:white_apricorn":8,"minecraft:iron_shovel":1,"minecraft:light_gray_wool":1,"cobblemon:big_root":3,"minecraft:cartography_table":1,"minecraft:phantom_membrane":1,"minecraft:cobbled_deepslate":112,"cobblemon:green_apricorn":2,"minecraft:cobblestone_slab":1,"minecraft:spruce_planks":4,"minecraft:oak_boat":5,"minecraft:beef":10,"cobblemon:oran_berry":76,"minecraft:calcite":1,"cobblemon:relic_coin":5,"minecraft:poppy":2,"cobblemon:dusk_stone":2,"minecraft:sugar_cane":18,"minecraft:chest":1,"minecraft:furnace":3,"minecraft:mangrove_log":1,"minecraft:raw_iron":43,"minecraft:stick":10,"minecraft:copper_ingot":2,"minecraft:torch":10,"minecraft:porkchop":11,"minecraft:redstone":30,"minecraft:rabbit_foot":1,"minecraft:dark_oak_planks":1,"cobblemon:dawn_stone":1,"minecraft:rotten_flesh":22,"minecraft:arrow":15,"minecraft:hay_block":6,"cobblemon:heavy_ball":1,"minecraft:obsidian":12,"minecraft:mutton":12,"cobblemon:blue_apricorn":3,"minecraft:cobblestone":175,"minecraft:white_wool":11,"minecraft:oxeye_daisy":5,"minecraft:birch_log":1,"minecraft:feather":2,"minecraft:andesite":1,"minecraft:leather":13,"megamons:raw_kangaskhanite":1,"cobblemon:kebia_berry":3,"minecraft:filled_map":1,"cobblemon:roseate_ball":51,"minecraft:flint":2,"cobblemon:slate_ball":2,"minecraft:oak_log":41,"minecraft:lily_pad":3,"minecraft:gunpowder":3,"megamons:anistarite_geode_block":28,"minecraft:lapis_lazuli":78,"minecraft:dirt":1343,"cobblemon:pink_apricorn_seed":4,"cobblemon:heal_ball":1,"minecraft:cooked_mutton":11,"minecraft:bone":9,"cobblemon:black_apricorn":41,"minecraft:wheat_seeds":23,"minecraft:raw_gold":32,"minecraft:rabbit_hide":2,"cobblemon:thunder_stone":1,"minecraft:rabbit":1,"cobblemon:moon_stone":4,"minecraft:oak_planks":11,"cobblemon:red_apricorn_seed":2,"minecraft:cooked_porkchop":8,"cobblemon:black_apricorn_seed":3,"minecraft:dandelion":17,"minecraft:gravel":4,"cobblemon:shiny_stone":1,"cobblemon:fire_stone":6,"minecraft:sand":42,"cobblemon:pink_apricorn":25,"minecraft:white_bed":1,"cobblemon:aspear_berry":4,"minecraft:spider_eye":1,"megamons:anistarite_rough_geode_block":1,"minecraft:diamond":40,"minecraft:granite":4,"minecraft:emerald":1,"minecraft:netherrack":24,"minecraft:oak_sapling":1,"cobblemon:water_stone":1,"minecraft:coal":55,"minecraft:diamond_pickaxe":2,"minecraft:ender_pearl":1},"minecraft:broken":{"minecraft:iron_shovel":3,"minecraft:iron_axe":1,"minecraft:iron_pickaxe":1},"minecraft:custom":{"minecraft:interact_with_anvil":4,"minecraft:mob_kills":111,"minecraft:interact_with_crafting_table":78,"minecraft:leave_game":1,"minecraft:time_since_death":527912,"minecraft:climb_one_cm":9837,"minecraft:sprint_one_cm":954686,"minecraft:walk_one_cm":1131007,"minecraft:damage_blocked_by_shield":214,"minecraft:drop":70,"minecraft:talked_to_villager":1,"minecraft:play_time":527912,"minecraft:sneak_time":10836,"minecraft:walk_under_water_one_cm":64743,"minecraft:boat_one_cm":897703,"minecraft:jump":6404,"minecraft:walk_on_water_one_cm":77317,"minecraft:enchant_item":15,"minecraft:total_world_time":527912,"minecraft:interact_with_furnace":110,"minecraft:interact_with_cartography_table":1,"minecraft:interact_with_grindstone":7,"minecraft:sleep_in_bed":6,"minecraft:time_since_rest":66964,"minecraft:damage_taken":3339,"minecraft:damage_dealt":19815,"minecraft:swim_one_cm":97996,"minecraft:fly_one_cm":1348647,"minecraft:open_chest":144,"minecraft:crouch_one_cm":26119,"minecraft:interact_with_smoker":1,"minecraft:fall_one_cm":151942}},"DataVersion":3465}