{"stats":{"minecraft:crafted":{"minecraft:oak_planks":12,"minecraft:crafting_table":1,"minecraft:baked_potato":2,"minecraft:copper_ingot":3,"minecraft:mangrove_planks":4,"minecraft:cooked_mutton":3,"minecraft:air":0,"cobblemon:heal_ball":4,"minecraft:diamond_pickaxe":1,"minecraft:iron_axe":1,"minecraft:stick":8,"minecraft:iron_ingot":6,"minecraft:iron_pickaxe":1,"cobblemon:love_ball":4},"minecraft:killed":{"minecraft:cave_spider":2,"cobblemon:pokemon":3,"minecraft:spider":3,"minecraft:creeper":3,"minecraft:sheep":1,"minecraft:skeleton":6,"minecraft:zombie":9,"minecraft:cow":1},"minecraft:dropped":{"cobblemon:relic_coin":5,"minecraft:amethyst_block":1,"minecraft:leather":1,"cobblemon:shiny_stone":1,"minecraft:copper_ingot":4,"cobblemon:kebia_berry":3,"minecraft:mangrove_planks":2,"minecraft:flint":4,"megamons:anistarite_geode_block":2,"cobblemon:moon_stone":1,"minecraft:stick":4,"cobblemon:vivichoke_seeds":3,"cobblemon:aspear_berry":4,"minecraft:andesite":1,"cobblemon:pink_apricorn_seed":2,"cobblemon:green_apricorn":2,"minecraft:bamboo":1,"minecraft:pumpkin":3,"minecraft:arrow":5,"minecraft:calcite":1,"minecraft:white_wool":2,"minecraft:bone":4},"minecraft:mined":{"megamons:anistarite_rough_geode_block":3,"minecraft:deepslate_redstone_ore":5,"minecraft:tuff":27,"minecraft:spruce_planks":1,"megamons:anistarite_geode_block":31,"minecraft:mossy_cobblestone":2,"minecraft:deepslate_diamond_ore":40,"megamons:kangaskhanite_crystal_ore":1,"megamons:crystal_shiny_stone_ore":1,"minecraft:oak_fence":1,"minecraft:crafting_table":4,"minecraft:granite":9,"minecraft:spruce_trapdoor":1,"minecraft:ladder":2,"minecraft:emerald_ore":1,"minecraft:calcite":1,"megamons:crystal_water_stone_ore":1,"megamons:crystal_fire_stone_ore":2,"minecraft:cobblestone":13,"minecraft:copper_ore":9,"minecraft:deepslate_gold_ore":20,"megamons:crystal_moon_stone_ore":3,"minecraft:lapis_ore":9,"megamons:crystal_dusk_stone_ore":2,"minecraft:diorite":1,"minecraft:sugar_cane":4,"minecraft:deepslate_copper_ore":3,"cobblemon:relic_coin_pouch":1,"minecraft:amethyst_block":1,"minecraft:spawner":3,"minecraft:redstone_ore":2,"minecraft:furnace":3,"minecraft:iron_ore":28,"minecraft:andesite":24,"minecraft:deepslate_lapis_ore":2,"minecraft:gold_block":1,"megamons:crystal_sun_stone_ore":2,"minecraft:grass":14,"megamons:crystal_dawn_stone_ore":1,"minecraft:oak_log":3,"minecraft:coal_ore":10,"minecraft:deepslate_iron_ore":16,"minecraft:vine":1,"minecraft:gravel":20,"minecraft:sand":1,"minecraft:mangrove_log":1,"minecraft:stone":55,"megamons:crystal_thunder_stone_ore":1,"megamons:crystal_leaf_stone_ore":1,"minecraft:gold_ore":12,"minecraft:white_wool":6,"minecraft:deepslate":157,"minecraft:oak_leaves":4,"minecraft:suspicious_gravel":2},"minecraft:used":{"minecraft:cooked_mutton":3,"minecraft:mangrove_planks":2,"minecraft:baked_potato":2,"minecraft:ladder":3,"minecraft:spruce_planks":1,"minecraft:leather_chestplate":1,"minecraft:white_wool":4,"minecraft:torch":1,"minecraft:crafting_table":5,"minecraft:carrot":19,"minecraft:diamond_pickaxe":265,"minecraft:iron_axe":78,"minecraft:bread":1,"minecraft:iron_pickaxe":250,"minecraft:cobblestone":35,"minecraft:furnace":2,"minecraft:cooked_porkchop":8,"minecraft:cobbled_deepslate":83},"minecraft:picked_up":{"cobblemon:leaf_stone":1,"minecraft:crafting_table":5,"minecraft:ladder":3,"minecraft:andesite":1,"megamons:raw_kangaskhanite":1,"minecraft:leather":1,"cobblemon:kebia_berry":3,"cobblemon:roseate_ball":50,"minecraft:gold_block":1,"minecraft:flint":1,"minecraft:oak_log":3,"minecraft:amethyst_block":1,"megamons:anistarite_geode_block":13,"minecraft:lapis_lazuli":57,"cobblemon:pink_apricorn_seed":2,"minecraft:raw_copper":38,"cobblemon:white_apricorn":3,"minecraft:bone":4,"minecraft:cobbled_deepslate":109,"minecraft:raw_gold":32,"cobblemon:green_apricorn":2,"minecraft:spruce_planks":1,"minecraft:beef":2,"cobblemon:thunder_stone":1,"cobblemon:relic_coin":5,"minecraft:calcite":1,"cobblemon:dusk_stone":2,"cobblemon:moon_stone":4,"minecraft:sugar_cane":12,"minecraft:mangrove_log":1,"minecraft:furnace":3,"minecraft:stick":4,"minecraft:raw_iron":43,"minecraft:cooked_porkchop":8,"minecraft:copper_ingot":2,"minecraft:torch":1,"cobblemon:shiny_stone":1,"cobblemon:fire_stone":2,"cobblemon:pink_apricorn":9,"minecraft:redstone":30,"cobblemon:aspear_berry":4,"cobblemon:dawn_stone":1,"minecraft:rotten_flesh":12,"minecraft:arrow":5,"minecraft:diamond":40,"cobblemon:water_stone":1,"minecraft:emerald":1,"minecraft:mutton":3,"minecraft:coal":21,"minecraft:white_wool":6,"minecraft:cobblestone":35},"minecraft:broken":{"minecraft:iron_pickaxe":1},"minecraft:custom":{"minecraft:interact_with_furnace":24,"minecraft:mob_kills":28,"minecraft:interact_with_crafting_table":20,"minecraft:time_since_death":137705,"minecraft:climb_one_cm":3289,"minecraft:time_since_rest":137705,"minecraft:sprint_one_cm":276569,"minecraft:damage_taken":1032,"minecraft:walk_one_cm":315509,"minecraft:drop":30,"minecraft:damage_dealt":5106,"minecraft:swim_one_cm":18511,"minecraft:fly_one_cm":262079,"minecraft:open_chest":10,"minecraft:crouch_one_cm":19514,"minecraft:play_time":137705,"minecraft:sneak_time":7072,"minecraft:walk_under_water_one_cm":4243,"minecraft:jump":1627,"minecraft:walk_on_water_one_cm":12295,"minecraft:interact_with_smoker":1,"minecraft:total_world_time":137705,"minecraft:fall_one_cm":35363}},"DataVersion":3465}