{"stats":{"minecraft:crafted":{"minecraft:oak_planks":12,"minecraft:iron_axe":1,"minecraft:crafting_table":1,"minecraft:stick":8,"minecraft:iron_ingot":2,"minecraft:iron_pickaxe":1,"minecraft:mangrove_planks":4},"minecraft:mined":{"minecraft:spruce_planks":1,"minecraft:iron_ore":3,"minecraft:spruce_trapdoor":1,"minecraft:ladder":2,"minecraft:grass":7,"minecraft:coal_ore":8,"minecraft:oak_log":3,"minecraft:vine":1,"minecraft:gravel":1,"minecraft:sand":1,"minecraft:mangrove_log":1,"minecraft:stone":7,"minecraft:sugar_cane":4,"minecraft:oak_leaves":4,"cobblemon:relic_coin_pouch":1,"minecraft:suspicious_gravel":2},"minecraft:used":{"minecraft:iron_pickaxe":18,"minecraft:mangrove_planks":2,"minecraft:ladder":3,"minecraft:spruce_planks":1,"minecraft:leather_chestplate":1,"minecraft:crafting_table":1,"minecraft:carrot":9},"minecraft:picked_up":{"minecraft:raw_iron":3,"minecraft:ladder":3,"minecraft:oak_log":3,"cobblemon:white_apricorn":3,"minecraft:spruce_planks":1,"cobblemon:relic_coin":5,"minecraft:sugar_cane":12,"minecraft:coal":8,"minecraft:mangrove_log":1,"minecraft:cobblestone":7},"minecraft:custom":{"minecraft:time_since_rest":41705,"minecraft:interact_with_furnace":3,"minecraft:sprint_one_cm":43964,"minecraft:walk_one_cm":58444,"minecraft:damage_dealt":20,"minecraft:swim_one_cm":9764,"minecraft:interact_with_crafting_table":6,"minecraft:fly_one_cm":56207,"minecraft:open_chest":2,"minecraft:crouch_one_cm":14192,"minecraft:play_time":41705,"minecraft:sneak_time":3850,"minecraft:walk_under_water_one_cm":3849,"minecraft:jump":295,"minecraft:walk_on_water_one_cm":8445,"minecraft:time_since_death":41705,"minecraft:climb_one_cm":3225,"minecraft:total_world_time":41705,"minecraft:interact_with_smoker":1,"minecraft:fall_one_cm":4089}},"DataVersion":3465}