{"stats":{"minecraft:crafted":{"minecraft:mangrove_planks":4},"minecraft:mined":{"minecraft:ladder":2,"minecraft:grass":4,"minecraft:spruce_planks":1,"minecraft:sand":1,"minecraft:mangrove_log":1,"cobblemon:relic_coin_pouch":1},"minecraft:used":{"minecraft:mangrove_planks":2,"minecraft:ladder":3},"minecraft:picked_up":{"minecraft:ladder":3,"minecraft:spruce_planks":1,"cobblemon:relic_coin":5,"minecraft:mangrove_log":1},"minecraft:custom":{"minecraft:time_since_rest":29705,"minecraft:crouch_one_cm":14152,"minecraft:play_time":29705,"minecraft:sprint_one_cm":5072,"minecraft:walk_one_cm":22823,"minecraft:sneak_time":3711,"minecraft:walk_under_water_one_cm":101,"minecraft:jump":85,"minecraft:damage_dealt":20,"minecraft:time_since_death":29705,"minecraft:walk_on_water_one_cm":3857,"minecraft:total_world_time":29705,"minecraft:climb_one_cm":2591,"minecraft:swim_one_cm":2900,"minecraft:fly_one_cm":8411,"minecraft:fall_one_cm":478}},"DataVersion":3465}