{"stats":{"minecraft:crafted":{"minecraft:oak_planks":28,"minecraft:furnace":1,"minecraft:cooked_mutton":3,"minecraft:iron_axe":1,"minecraft:chest":2,"minecraft:crafting_table":1,"minecraft:baked_potato":2,"minecraft:copper_ingot":3,"minecraft:mangrove_planks":4,"minecraft:air":0,"cobblemon:heal_ball":4,"minecraft:diamond_pickaxe":1,"minecraft:stick":12,"minecraft:iron_ingot":22,"minecraft:iron_pickaxe":1,"minecraft:iron_shovel":1,"minecraft:gold_ingot":32,"cobblemon:love_ball":4,"minecraft:torch":16},"minecraft:dropped":{"minecraft:leather":1,"minecraft:amethyst_block":1,"minecraft:mangrove_planks":2,"minecraft:copper_ingot":4,"cobblemon:shiny_stone":1,"cobblemon:moon_stone":1,"cobblemon:kebia_berry":3,"minecraft:coal":9,"cobblemon:vivichoke_seeds":3,"minecraft:stick":8,"minecraft:flint":4,"cobblemon:green_apricorn":2,"minecraft:pumpkin":3,"minecraft:sand":1,"minecraft:iron_shovel":1,"minecraft:white_wool":2,"minecraft:bone":4,"cobblemon:relic_coin":5,"minecraft:oak_planks":4,"megamons:anistarite_geode_block":13,"megamons:anistarite_rough_geode_block":1,"cobblemon:aspear_berry":4,"minecraft:andesite":1,"cobblemon:pink_apricorn_seed":2,"minecraft:bamboo":1,"minecraft:arrow":5,"minecraft:calcite":1},"minecraft:killed":{"minecraft:cave_spider":2,"minecraft:spider":4,"minecraft:phantom":3,"minecraft:skeleton":7,"cobblemon:pokemon":5,"minecraft:creeper":3,"minecraft:sheep":1,"minecraft:pillager":2,"minecraft:zombie":11,"minecraft:cow":1},"minecraft:mined":{"minecraft:tuff":27,"minecraft:spruce_planks":1,"minecraft:mossy_cobblestone":2,"minecraft:deepslate_diamond_ore":40,"megamons:crystal_shiny_stone_ore":1,"minecraft:spruce_trapdoor":1,"minecraft:ladder":2,"minecraft:granite":13,"minecraft:grass_block":125,"megamons:crystal_water_stone_ore":1,"megamons:crystal_fire_stone_ore":2,"megamons:crystal_dusk_stone_ore":2,"minecraft:spawner":3,"minecraft:tall_seagrass":1,"minecraft:redstone_ore":2,"minecraft:furnace":3,"minecraft:iron_ore":28,"minecraft:cobbled_deepslate":3,"minecraft:andesite":24,"minecraft:deepslate_lapis_ore":2,"minecraft:gold_block":1,"minecraft:deepslate_iron_ore":16,"minecraft:vine":1,"minecraft:stone":122,"minecraft:white_wool":6,"megamons:crystal_thunder_stone_ore":1,"megamons:crystal_leaf_stone_ore":1,"megamons:anistarite_rough_geode_block":4,"minecraft:deepslate_redstone_ore":5,"megamons:anistarite_geode_block":31,"megamons:kangaskhanite_crystal_ore":1,"minecraft:oak_fence":1,"minecraft:crafting_table":5,"minecraft:torch":4,"minecraft:emerald_ore":1,"minecraft:calcite":1,"minecraft:copper_ore":11,"minecraft:cobblestone":13,"megamons:crystal_moon_stone_ore":3,"minecraft:lapis_ore":9,"minecraft:deepslate_gold_ore":20,"minecraft:sugar_cane":4,"minecraft:diorite":5,"cobblemon:relic_coin_pouch":1,"minecraft:wall_torch":1,"minecraft:amethyst_block":1,"minecraft:deepslate_copper_ore":3,"minecraft:seagrass":1,"minecraft:grass":54,"megamons:crystal_dawn_stone_ore":1,"minecraft:oak_log":7,"minecraft:coal_ore":11,"megamons:crystal_sun_stone_ore":2,"minecraft:gravel":20,"minecraft:sand":3,"minecraft:dirt":54,"minecraft:mangrove_log":1,"minecraft:gold_ore":12,"minecraft:oak_leaves":7,"minecraft:deepslate":157,"minecraft:suspicious_gravel":2},"minecraft:used":{"minecraft:iron_shovel":185,"minecraft:ladder":3,"minecraft:chest":2,"minecraft:spruce_planks":1,"minecraft:rotten_flesh":18,"minecraft:torch":11,"minecraft:dirt":10,"minecraft:mutton":1,"minecraft:carrot":19,"minecraft:granite":4,"minecraft:iron_axe":143,"minecraft:beef":2,"minecraft:furnace":3,"minecraft:cobbled_deepslate":112,"minecraft:cooked_mutton":3,"minecraft:baked_potato":2,"minecraft:mangrove_planks":2,"minecraft:leather_chestplate":1,"minecraft:sugar_cane":12,"minecraft:white_wool":4,"minecraft:crafting_table":7,"minecraft:diamond_pickaxe":347,"minecraft:bread":1,"minecraft:iron_pickaxe":250,"minecraft:cobblestone":63,"minecraft:cooked_porkchop":8},"minecraft:picked_up":{"cobblemon:leaf_stone":1,"minecraft:crafting_table":6,"minecraft:ladder":3,"minecraft:gold_block":1,"minecraft:amethyst_block":1,"minecraft:raw_copper":45,"cobblemon:white_apricorn":3,"minecraft:iron_shovel":1,"minecraft:cobbled_deepslate":112,"cobblemon:green_apricorn":2,"minecraft:spruce_planks":1,"minecraft:beef":2,"cobblemon:oran_berry":22,"minecraft:calcite":1,"cobblemon:relic_coin":5,"cobblemon:dusk_stone":2,"minecraft:sugar_cane":12,"minecraft:furnace":3,"minecraft:mangrove_log":1,"minecraft:raw_iron":43,"minecraft:stick":8,"minecraft:copper_ingot":2,"minecraft:torch":6,"minecraft:redstone":30,"cobblemon:dawn_stone":1,"minecraft:rotten_flesh":13,"minecraft:arrow":6,"minecraft:mutton":4,"minecraft:cobblestone":79,"minecraft:white_wool":7,"minecraft:andesite":1,"minecraft:leather":1,"megamons:raw_kangaskhanite":1,"cobblemon:kebia_berry":3,"cobblemon:roseate_ball":50,"minecraft:flint":1,"minecraft:oak_log":7,"megamons:anistarite_geode_block":24,"minecraft:lapis_lazuli":57,"minecraft:dirt":179,"cobblemon:pink_apricorn_seed":2,"minecraft:bone":6,"minecraft:raw_gold":32,"cobblemon:thunder_stone":1,"cobblemon:moon_stone":4,"minecraft:oak_planks":4,"minecraft:cooked_porkchop":8,"cobblemon:shiny_stone":1,"cobblemon:fire_stone":2,"minecraft:sand":3,"cobblemon:pink_apricorn":9,"cobblemon:aspear_berry":4,"megamons:anistarite_rough_geode_block":1,"minecraft:diamond":40,"minecraft:granite":4,"minecraft:emerald":1,"cobblemon:water_stone":1,"minecraft:coal":53},"minecraft:broken":{"minecraft:iron_pickaxe":1},"minecraft:custom":{"minecraft:mob_kills":39,"minecraft:interact_with_crafting_table":26,"minecraft:leave_game":1,"minecraft:time_since_death":209912,"minecraft:climb_one_cm":3289,"minecraft:sprint_one_cm":333047,"minecraft:walk_one_cm":429218,"minecraft:drop":38,"minecraft:play_time":209912,"minecraft:sneak_time":7103,"minecraft:walk_under_water_one_cm":4352,"minecraft:jump":2227,"minecraft:walk_on_water_one_cm":13259,"minecraft:total_world_time":209912,"minecraft:interact_with_furnace":34,"minecraft:time_since_rest":209912,"minecraft:damage_taken":1370,"minecraft:damage_dealt":6960,"minecraft:swim_one_cm":18511,"minecraft:fly_one_cm":374335,"minecraft:open_chest":21,"minecraft:crouch_one_cm":19597,"minecraft:interact_with_smoker":1,"minecraft:fall_one_cm":52999}},"DataVersion":3465}