{"stats":{"minecraft:crafted":{"minecraft:cooked_beef":12,"minecraft:oak_planks":56,"minecraft:cooked_porkchop":8,"minecraft:crafting_table":1,"minecraft:wooden_pickaxe":1,"minecraft:baked_potato":4,"minecraft:furnace":3,"minecraft:copper_ingot":17,"cobblemon:roseate_ball":8,"minecraft:stone_axe":1,"minecraft:shield":1,"minecraft:stick":28,"minecraft:iron_ingot":4,"minecraft:iron_pickaxe":1,"minecraft:stone_pickaxe":1,"minecraft:wooden_axe":1,"minecraft:torch":28},"minecraft:killed":{"minecraft:pig":3,"minecraft:cow":5},"minecraft:dropped":{"minecraft:wheat_seeds":3,"minecraft:cooked_porkchop":8,"cobblemon:roseate_ball":4,"cobblemon:moon_stone":2,"minecraft:rail":2,"minecraft:spruce_trapdoor":1},"minecraft:mined":{"minecraft:crafting_table":2,"minecraft:ladder":1,"minecraft:decorated_pot":1,"minecraft:copper_ore":10,"minecraft:diorite":5,"minecraft:furnace":3,"minecraft:iron_ore":10,"minecraft:grass":10,"minecraft:coal_ore":29,"minecraft:oak_log":14,"minecraft:stone":38,"minecraft:oak_leaves":1,"megamons:crystal_leaf_stone_ore":1},"minecraft:used":{"minecraft:stone_pickaxe":17,"minecraft:baked_potato":4,"minecraft:decorated_pot":1,"minecraft:wooden_pickaxe":3,"minecraft:white_wool":2,"minecraft:torch":28,"minecraft:crafting_table":2,"minecraft:wooden_axe":12,"minecraft:iron_pickaxe":78,"minecraft:stone_axe":23,"minecraft:furnace":4,"minecraft:cooked_beef":4},"minecraft:picked_up":{"minecraft:crafting_table":1,"cobblemon:leaf_stone":1,"minecraft:andesite":6,"minecraft:leather":5,"cobblemon:red_apricorn":1,"minecraft:oak_log":14,"megamons:anistarite_geode_block":2,"minecraft:raw_copper":33,"cobblemon:white_apricorn":3,"minecraft:bone":1,"minecraft:wheat_seeds":3,"minecraft:beef":12,"cobblemon:oran_berry":10,"cobblemon:relic_coin":5,"cobblemon:moon_stone":2,"minecraft:spruce_trapdoor":1,"minecraft:furnace":3,"minecraft:raw_iron":11,"minecraft:gravel":1,"minecraft:porkchop":8,"minecraft:diorite":5,"cobblemon:pink_apricorn":10,"cobblemon:vivichoke_seeds":3,"minecraft:arrow":4,"minecraft:decorated_pot":1,"minecraft:granite":4,"minecraft:oak_sapling":2,"minecraft:rail":2,"minecraft:coal":29,"minecraft:cobblestone":39,"minecraft:white_wool":6},"minecraft:custom":{"minecraft:interact_with_furnace":28,"minecraft:mob_kills":8,"minecraft:interact_with_crafting_table":16,"minecraft:time_since_death":53903,"minecraft:climb_one_cm":3182,"minecraft:time_since_rest":53903,"minecraft:sprint_one_cm":154434,"minecraft:damage_taken":255,"minecraft:walk_one_cm":177620,"minecraft:drop":17,"minecraft:damage_dealt":853,"minecraft:swim_one_cm":1260,"minecraft:fly_one_cm":113961,"minecraft:crouch_one_cm":893,"minecraft:play_time":53903,"minecraft:sneak_time":1229,"minecraft:walk_under_water_one_cm":1095,"minecraft:jump":652,"minecraft:walk_on_water_one_cm":12013,"minecraft:total_world_time":53903,"minecraft:fall_one_cm":14186}},"DataVersion":3465}