{"stats":{"minecraft:mined":{"minecraft:ladder":1},"minecraft:custom":{"minecraft:jump":48,"minecraft:time_since_rest":5903,"minecraft:crouch_one_cm":158,"minecraft:walk_on_water_one_cm":1873,"minecraft:sprint_one_cm":9516,"minecraft:play_time":5903,"minecraft:damage_taken":20,"minecraft:time_since_death":5903,"minecraft:walk_one_cm":10925,"minecraft:sneak_time":84,"minecraft:climb_one_cm":1971,"minecraft:total_world_time":5903,"minecraft:walk_under_water_one_cm":401,"minecraft:fall_one_cm":627,"minecraft:fly_one_cm":7315}},"DataVersion":3465}