{"stats":{"minecraft:crafted":{"minecraft:oak_planks":104,"minecraft:furnace":3,"minecraft:cooked_mutton":29,"minecraft:iron_boots":1,"minecraft:iron_axe":1,"minecraft:stone_pickaxe":1,"cobblemon:timer_ball":12,"minecraft:cooked_beef":21,"minecraft:cooked_porkchop":8,"minecraft:crafting_table":2,"cobblemon:dive_ball":4,"minecraft:wooden_pickaxe":1,"minecraft:baked_potato":4,"minecraft:iron_helmet":1,"minecraft:copper_ingot":17,"minecraft:bucket":1,"cobblemon:roseate_ball":24,"minecraft:stone_axe":2,"minecraft:iron_chestplate":1,"minecraft:shield":1,"minecraft:stick":64,"minecraft:iron_ingot":46,"minecraft:iron_pickaxe":2,"minecraft:wooden_axe":1,"minecraft:iron_shovel":1,"minecraft:iron_leggings":1,"minecraft:white_bed":2,"minecraft:torch":152,"cobblemon:great_ball":16,"cobblemon:net_ball":8},"minecraft:killed":{"minecraft:spider":4,"minecraft:skeleton":5,"minecraft:pig":3,"cobblemon:pokemon":6,"minecraft:sheep":22,"minecraft:zombie":7,"minecraft:cow":9},"minecraft:dropped":{"minecraft:bread":2,"minecraft:wheat_seeds":25,"minecraft:cooked_porkchop":8,"minecraft:feather":2,"minecraft:oak_fence":1,"minecraft:cobblestone":5,"minecraft:leather":5,"minecraft:granite":4,"cobblemon:roseate_ball":5,"cobblemon:moon_stone":3,"minecraft:rail":2,"minecraft:coal":49,"cobblemon:vivichoke_seeds":3,"minecraft:stick":8,"minecraft:diorite":5,"cobblemon:white_apricorn":5,"minecraft:wooden_axe":2,"minecraft:sand":1,"minecraft:string":5,"minecraft:bone":2,"minecraft:redstone":18,"minecraft:stone_axe":1,"minecraft:cobbled_deepslate":13,"cobblemon:cheri_berry":21,"minecraft:rotten_flesh":13,"cobblemon:black_apricorn":21,"minecraft:cooked_mutton":10,"megamons:anistarite_geode_block":2,"minecraft:white_bed":1,"minecraft:filled_map":1,"minecraft:shield":2,"cobblemon:aspear_berry":4,"minecraft:spruce_trapdoor":1,"minecraft:oak_sapling":2,"minecraft:spider_eye":1,"minecraft:arrow":8,"minecraft:wooden_pickaxe":2},"minecraft:mined":{"minecraft:tuff":12,"cobblemon:cheri_berry":4,"minecraft:ladder":1,"minecraft:grass_block":64,"minecraft:decorated_pot":1,"cobblemon:rindo_berry":5,"minecraft:spruce_leaves":11,"minecraft:cartography_table":1,"minecraft:tall_seagrass":1,"minecraft:redstone_ore":7,"minecraft:furnace":5,"minecraft:iron_ore":15,"minecraft:cobbled_deepslate":14,"minecraft:andesite":2,"minecraft:peony":5,"minecraft:bookshelf":6,"minecraft:deepslate_iron_ore":28,"minecraft:stone":63,"minecraft:white_wool":2,"megamons:crystal_leaf_stone_ore":1,"minecraft:deepslate_redstone_ore":14,"megamons:anistarite_geode_block":6,"cobblemon:rawst_berry":2,"minecraft:crafting_table":6,"minecraft:torch":5,"minecraft:copper_ore":22,"minecraft:tall_grass":23,"minecraft:cobblestone":14,"megamons:crystal_moon_stone_ore":1,"minecraft:lapis_ore":6,"minecraft:diorite":5,"minecraft:wall_torch":2,"minecraft:spruce_log":41,"minecraft:birch_leaves":1,"minecraft:grass":68,"minecraft:oak_log":26,"minecraft:coal_ore":88,"minecraft:dirt":144,"cobblemon:sun_stone_ore":1,"minecraft:gold_ore":7,"minecraft:oak_leaves":2,"minecraft:deepslate":48},"minecraft:used":{"minecraft:iron_shovel":208,"minecraft:decorated_pot":1,"minecraft:shield":58,"minecraft:rotten_flesh":3,"minecraft:torch":120,"minecraft:wooden_axe":12,"minecraft:iron_axe":185,"cobblemon:pink_apricorn_seed":1,"minecraft:furnace":6,"minecraft:cooked_beef":21,"minecraft:cobbled_deepslate":23,"minecraft:cooked_mutton":10,"minecraft:water_bucket":1,"minecraft:oak_planks":23,"minecraft:stone_pickaxe":121,"minecraft:baked_potato":4,"minecraft:wooden_pickaxe":3,"minecraft:white_wool":5,"minecraft:crafting_table":6,"cobblemon:black_apricorn_seed":2,"minecraft:white_bed":1,"minecraft:bread":2,"minecraft:iron_pickaxe":276,"minecraft:stone_axe":150,"cobblemon:red_apricorn_seed":3,"minecraft:cobblestone":38,"minecraft:bucket":2},"minecraft:picked_up":{"minecraft:wooden_axe":1,"cobblemon:leaf_stone":1,"minecraft:crafting_table":5,"minecraft:chicken":1,"cobblemon:red_apricorn":11,"minecraft:wooden_pickaxe":1,"minecraft:shield":2,"minecraft:string":5,"minecraft:raw_copper":78,"cobblemon:white_apricorn":14,"minecraft:cartography_table":1,"minecraft:cobbled_deepslate":63,"cobblemon:white_apricorn_seed":2,"minecraft:beef":21,"cobblemon:oran_berry":131,"cobblemon:relic_coin":50,"cobblemon:big_root":1,"minecraft:spruce_trapdoor":1,"minecraft:egg":1,"minecraft:furnace":5,"cobblemon:net_ball":1,"minecraft:raw_iron":45,"minecraft:stick":2,"minecraft:oak_fence":1,"minecraft:torch":7,"minecraft:porkchop":8,"cobblemon:rawst_berry":18,"minecraft:diorite":5,"cobblemon:vivichoke_seeds":3,"minecraft:redstone":82,"minecraft:arrow":8,"minecraft:rotten_flesh":18,"minecraft:decorated_pot":1,"minecraft:peony":5,"cobblemon:black_augurite":1,"cobblemon:blue_apricorn":17,"minecraft:mutton":29,"minecraft:cobblestone":82,"minecraft:white_wool":30,"minecraft:rail":2,"minecraft:feather":2,"minecraft:andesite":7,"minecraft:leather":9,"cobblemon:roseate_ball":1,"minecraft:filled_map":1,"cobblemon:slate_ball":6,"minecraft:oak_log":26,"minecraft:gunpowder":2,"minecraft:dirt":126,"megamons:anistarite_geode_block":8,"minecraft:lapis_lazuli":36,"cobblemon:pink_apricorn_seed":1,"minecraft:bone":7,"minecraft:wheat_seeds":27,"cobblemon:black_apricorn":32,"minecraft:raw_gold":7,"cobblemon:moon_stone":4,"minecraft:oak_planks":1,"cobblemon:poison_barb":1,"minecraft:book":18,"cobblemon:red_apricorn_seed":3,"cobblemon:sun_stone":1,"cobblemon:black_apricorn_seed":2,"minecraft:dandelion":1,"minecraft:gravel":1,"cobblemon:cheri_berry":21,"minecraft:sand":1,"cobblemon:pink_apricorn":24,"minecraft:spruce_log":40,"cobblemon:aspear_berry":4,"minecraft:spider_eye":1,"minecraft:granite":4,"cobblemon:rindo_berry":23,"minecraft:bread":2,"minecraft:oak_sapling":2,"cobblemon:hard_stone":1,"minecraft:coal":113},"minecraft:broken":{"minecraft:stone_pickaxe":1,"minecraft:stone_axe":1,"minecraft:iron_pickaxe":1},"minecraft:custom":{"minecraft:mob_kills":58,"minecraft:interact_with_crafting_table":31,"minecraft:leave_game":1,"minecraft:time_since_death":325275,"minecraft:climb_one_cm":6997,"minecraft:sprint_one_cm":901596,"minecraft:walk_one_cm":946038,"minecraft:damage_blocked_by_shield":2050,"minecraft:drop":128,"minecraft:play_time":325275,"minecraft:sneak_time":6799,"minecraft:walk_under_water_one_cm":16737,"minecraft:boat_one_cm":549407,"minecraft:jump":3968,"minecraft:walk_on_water_one_cm":70110,"minecraft:enchant_item":4,"minecraft:total_world_time":325275,"minecraft:interact_with_furnace":64,"minecraft:sleep_in_bed":5,"minecraft:time_since_rest":114929,"minecraft:damage_taken":1275,"minecraft:damage_dealt":7825,"minecraft:swim_one_cm":79724,"minecraft:fly_one_cm":759915,"minecraft:open_chest":17,"minecraft:crouch_one_cm":9752,"minecraft:fall_one_cm":90018}},"DataVersion":3465}