{"stats":{"minecraft:crafted":{"minecraft:cooked_beef":12,"minecraft:oak_planks":56,"minecraft:shield":1,"minecraft:crafting_table":1,"minecraft:stick":28,"minecraft:baked_potato":4,"minecraft:iron_ingot":4,"minecraft:wooden_pickaxe":1,"minecraft:iron_pickaxe":1,"minecraft:stone_pickaxe":1,"minecraft:wooden_axe":1,"minecraft:furnace":3,"minecraft:copper_ingot":15,"minecraft:torch":8,"cobblemon:roseate_ball":8,"minecraft:stone_axe":1},"minecraft:dropped":{"cobblemon:roseate_ball":4},"minecraft:killed":{"minecraft:pig":3,"minecraft:cow":5},"minecraft:mined":{"minecraft:furnace":1,"minecraft:iron_ore":1,"minecraft:crafting_table":1,"minecraft:ladder":1,"minecraft:grass":10,"minecraft:oak_log":14,"minecraft:coal_ore":29,"minecraft:decorated_pot":1,"minecraft:copper_ore":9,"minecraft:stone":36,"minecraft:diorite":5,"minecraft:oak_leaves":1},"minecraft:used":{"minecraft:wooden_axe":12,"minecraft:stone_pickaxe":17,"minecraft:baked_potato":3,"minecraft:iron_pickaxe":63,"minecraft:decorated_pot":1,"minecraft:wooden_pickaxe":3,"minecraft:stone_axe":22,"minecraft:torch":8,"minecraft:crafting_table":2,"minecraft:furnace":4},"minecraft:picked_up":{"minecraft:raw_iron":1,"minecraft:crafting_table":1,"minecraft:leather":5,"cobblemon:red_apricorn":1,"minecraft:porkchop":8,"minecraft:oak_log":14,"cobblemon:pink_apricorn":10,"minecraft:diorite":5,"minecraft:raw_copper":31,"cobblemon:white_apricorn":3,"minecraft:decorated_pot":1,"minecraft:wheat_seeds":3,"minecraft:beef":12,"cobblemon:oran_berry":10,"minecraft:oak_sapling":2,"minecraft:spruce_trapdoor":1,"minecraft:coal":29,"minecraft:cobblestone":36,"minecraft:furnace":1},"minecraft:custom":{"minecraft:time_since_rest":41903,"minecraft:interact_with_furnace":25,"minecraft:sprint_one_cm":96761,"minecraft:damage_taken":70,"minecraft:walk_one_cm":134582,"minecraft:mob_kills":8,"minecraft:drop":4,"minecraft:damage_dealt":853,"minecraft:swim_one_cm":1260,"minecraft:interact_with_crafting_table":15,"minecraft:fly_one_cm":82256,"minecraft:crouch_one_cm":727,"minecraft:play_time":41903,"minecraft:sneak_time":488,"minecraft:walk_under_water_one_cm":1095,"minecraft:jump":525,"minecraft:walk_on_water_one_cm":12013,"minecraft:time_since_death":41903,"minecraft:climb_one_cm":3182,"minecraft:total_world_time":41903,"minecraft:fall_one_cm":8873}},"DataVersion":3465}