{"stats":{"minecraft:crafted":{"minecraft:oak_planks":24,"minecraft:crafting_table":1,"minecraft:stick":8,"minecraft:baked_potato":1,"minecraft:iron_ingot":3,"minecraft:wooden_pickaxe":1,"minecraft:stone_pickaxe":1,"minecraft:wooden_axe":1,"minecraft:furnace":1,"minecraft:torch":8},"minecraft:mined":{"minecraft:crafting_table":1,"minecraft:ladder":1,"minecraft:grass":2,"minecraft:oak_log":6,"minecraft:coal_ore":4,"minecraft:decorated_pot":1,"minecraft:stone":11,"minecraft:oak_leaves":1},"minecraft:used":{"minecraft:wooden_axe":1,"minecraft:stone_pickaxe":12,"minecraft:baked_potato":1,"minecraft:decorated_pot":1,"minecraft:wooden_pickaxe":3,"minecraft:torch":2,"minecraft:crafting_table":1,"minecraft:furnace":1},"minecraft:picked_up":{"minecraft:crafting_table":1,"cobblemon:red_apricorn":1,"minecraft:oak_log":6,"cobblemon:pink_apricorn":7,"cobblemon:white_apricorn":1,"minecraft:decorated_pot":1,"minecraft:wheat_seeds":1,"minecraft:oak_sapling":2,"minecraft:spruce_trapdoor":1,"minecraft:coal":4,"minecraft:cobblestone":11},"minecraft:custom":{"minecraft:time_since_rest":17903,"minecraft:interact_with_furnace":6,"minecraft:sprint_one_cm":38302,"minecraft:damage_taken":20,"minecraft:walk_one_cm":56614,"minecraft:damage_dealt":6,"minecraft:interact_with_crafting_table":6,"minecraft:fly_one_cm":25282,"minecraft:crouch_one_cm":158,"minecraft:play_time":17903,"minecraft:sneak_time":84,"minecraft:walk_under_water_one_cm":857,"minecraft:jump":200,"minecraft:walk_on_water_one_cm":7071,"minecraft:time_since_death":17903,"minecraft:climb_one_cm":3182,"minecraft:total_world_time":17903,"minecraft:fall_one_cm":2508}},"DataVersion":3465}