{"stats":{"minecraft:crafted":{"minecraft:oak_planks":60,"minecraft:furnace":3,"minecraft:cooked_mutton":8,"minecraft:iron_boots":1,"minecraft:iron_axe":1,"minecraft:stone_pickaxe":1,"cobblemon:timer_ball":4,"minecraft:cooked_beef":12,"minecraft:cooked_porkchop":8,"minecraft:crafting_table":2,"minecraft:wooden_pickaxe":1,"minecraft:baked_potato":4,"minecraft:iron_helmet":1,"minecraft:copper_ingot":17,"minecraft:bucket":1,"cobblemon:roseate_ball":24,"minecraft:stone_axe":2,"minecraft:iron_chestplate":1,"minecraft:shield":1,"minecraft:stick":52,"minecraft:iron_ingot":46,"minecraft:iron_pickaxe":2,"minecraft:wooden_axe":1,"minecraft:iron_shovel":1,"minecraft:iron_leggings":1,"minecraft:white_bed":2,"minecraft:torch":104,"cobblemon:great_ball":4,"cobblemon:net_ball":8},"minecraft:killed":{"minecraft:spider":3,"minecraft:skeleton":4,"minecraft:pig":3,"cobblemon:pokemon":3,"minecraft:sheep":21,"minecraft:zombie":7,"minecraft:cow":9},"minecraft:dropped":{"minecraft:bread":2,"minecraft:wheat_seeds":4,"minecraft:cooked_porkchop":8,"minecraft:oak_fence":1,"minecraft:cobblestone":5,"minecraft:leather":5,"minecraft:granite":4,"cobblemon:roseate_ball":4,"cobblemon:moon_stone":2,"minecraft:rail":2,"minecraft:coal":47,"cobblemon:vivichoke_seeds":3,"minecraft:stick":2,"minecraft:diorite":5,"minecraft:wooden_axe":2,"minecraft:string":5,"minecraft:bone":2,"minecraft:redstone":18,"minecraft:stone_axe":1,"minecraft:cobbled_deepslate":13,"cobblemon:cheri_berry":21,"minecraft:rotten_flesh":11,"megamons:anistarite_geode_block":2,"minecraft:white_bed":1,"cobblemon:aspear_berry":4,"minecraft:spruce_trapdoor":1,"minecraft:oak_sapling":2,"minecraft:arrow":8,"minecraft:wooden_pickaxe":2},"minecraft:mined":{"minecraft:tuff":12,"cobblemon:cheri_berry":4,"minecraft:ladder":1,"minecraft:grass_block":32,"minecraft:decorated_pot":1,"cobblemon:rindo_berry":5,"minecraft:tall_seagrass":1,"minecraft:redstone_ore":7,"minecraft:furnace":5,"minecraft:iron_ore":15,"minecraft:cobbled_deepslate":14,"minecraft:andesite":2,"minecraft:deepslate_iron_ore":28,"minecraft:stone":63,"minecraft:white_wool":2,"megamons:crystal_leaf_stone_ore":1,"minecraft:deepslate_redstone_ore":14,"minecraft:crafting_table":5,"minecraft:torch":5,"minecraft:copper_ore":22,"minecraft:tall_grass":5,"minecraft:cobblestone":14,"minecraft:lapis_ore":6,"minecraft:diorite":5,"minecraft:wall_torch":2,"minecraft:grass":32,"minecraft:oak_log":26,"minecraft:coal_ore":87,"minecraft:dirt":61,"cobblemon:sun_stone_ore":1,"minecraft:gold_ore":7,"minecraft:oak_leaves":1,"minecraft:deepslate":48},"minecraft:used":{"minecraft:iron_shovel":94,"minecraft:decorated_pot":1,"minecraft:shield":49,"minecraft:rotten_flesh":3,"minecraft:torch":116,"minecraft:wooden_axe":12,"minecraft:iron_axe":35,"cobblemon:pink_apricorn_seed":1,"minecraft:furnace":6,"minecraft:cooked_beef":12,"minecraft:cobbled_deepslate":23,"minecraft:cooked_mutton":4,"minecraft:water_bucket":1,"minecraft:stone_pickaxe":121,"minecraft:baked_potato":4,"minecraft:wooden_pickaxe":3,"minecraft:white_wool":5,"minecraft:crafting_table":5,"cobblemon:black_apricorn_seed":2,"minecraft:white_bed":1,"minecraft:bread":2,"minecraft:iron_pickaxe":249,"minecraft:stone_axe":150,"minecraft:cobblestone":14,"minecraft:bucket":2},"minecraft:picked_up":{"minecraft:wooden_axe":1,"cobblemon:leaf_stone":1,"minecraft:crafting_table":4,"cobblemon:red_apricorn":11,"minecraft:wooden_pickaxe":1,"minecraft:string":5,"minecraft:raw_copper":78,"cobblemon:white_apricorn":8,"minecraft:cobbled_deepslate":63,"cobblemon:white_apricorn_seed":2,"minecraft:beef":21,"cobblemon:oran_berry":125,"cobblemon:relic_coin":6,"cobblemon:big_root":1,"minecraft:spruce_trapdoor":1,"minecraft:furnace":5,"minecraft:raw_iron":45,"minecraft:stick":2,"minecraft:oak_fence":1,"minecraft:torch":7,"minecraft:porkchop":8,"minecraft:diorite":5,"cobblemon:vivichoke_seeds":3,"minecraft:redstone":82,"minecraft:arrow":8,"minecraft:rotten_flesh":14,"minecraft:decorated_pot":1,"cobblemon:black_augurite":1,"cobblemon:blue_apricorn":7,"minecraft:mutton":29,"minecraft:cobblestone":78,"minecraft:white_wool":29,"minecraft:rail":2,"minecraft:andesite":7,"minecraft:leather":9,"minecraft:oak_log":26,"minecraft:gunpowder":2,"minecraft:dirt":109,"megamons:anistarite_geode_block":2,"minecraft:lapis_lazuli":36,"cobblemon:pink_apricorn_seed":1,"minecraft:bone":7,"minecraft:wheat_seeds":6,"cobblemon:black_apricorn":15,"minecraft:raw_gold":7,"cobblemon:moon_stone":2,"minecraft:oak_planks":1,"cobblemon:poison_barb":1,"cobblemon:red_apricorn_seed":3,"cobblemon:sun_stone":1,"cobblemon:black_apricorn_seed":2,"minecraft:gravel":1,"cobblemon:cheri_berry":21,"cobblemon:pink_apricorn":24,"cobblemon:aspear_berry":4,"minecraft:granite":4,"cobblemon:rindo_berry":23,"minecraft:bread":2,"minecraft:oak_sapling":2,"cobblemon:hard_stone":1,"minecraft:coal":112},"minecraft:broken":{"minecraft:stone_pickaxe":1,"minecraft:stone_axe":1,"minecraft:iron_pickaxe":1},"minecraft:custom":{"minecraft:mob_kills":51,"minecraft:interact_with_crafting_table":29,"minecraft:leave_game":1,"minecraft:time_since_death":193275,"minecraft:climb_one_cm":3182,"minecraft:sprint_one_cm":579948,"minecraft:walk_one_cm":620216,"minecraft:damage_blocked_by_shield":1595,"minecraft:drop":95,"minecraft:play_time":193275,"minecraft:sneak_time":3676,"minecraft:walk_under_water_one_cm":4010,"minecraft:jump":2392,"minecraft:walk_on_water_one_cm":19151,"minecraft:enchant_item":4,"minecraft:total_world_time":193275,"minecraft:interact_with_furnace":52,"minecraft:sleep_in_bed":2,"minecraft:time_since_rest":16116,"minecraft:damage_taken":715,"minecraft:damage_dealt":6536,"minecraft:swim_one_cm":12057,"minecraft:fly_one_cm":467426,"minecraft:open_chest":8,"minecraft:crouch_one_cm":4240,"minecraft:fall_one_cm":50993}},"DataVersion":3465}