{"stats":{"minecraft:crafted":{"minecraft:cooked_beef":12,"minecraft:oak_planks":56,"minecraft:cooked_porkchop":8,"minecraft:crafting_table":2,"minecraft:iron_helmet":1,"minecraft:wooden_pickaxe":1,"minecraft:baked_potato":4,"minecraft:furnace":3,"minecraft:copper_ingot":17,"minecraft:bucket":1,"cobblemon:roseate_ball":8,"minecraft:stone_axe":2,"minecraft:iron_boots":1,"minecraft:iron_chestplate":1,"minecraft:shield":1,"minecraft:stick":40,"minecraft:iron_ingot":27,"minecraft:iron_pickaxe":1,"minecraft:stone_pickaxe":1,"minecraft:wooden_axe":1,"minecraft:iron_leggings":1,"minecraft:torch":104},"minecraft:killed":{"minecraft:pig":3,"cobblemon:pokemon":1,"minecraft:spider":3,"minecraft:skeleton":3,"minecraft:zombie":5,"minecraft:cow":5},"minecraft:dropped":{"minecraft:stone_axe":1,"minecraft:wheat_seeds":3,"minecraft:cobbled_deepslate":13,"minecraft:cooked_porkchop":8,"minecraft:oak_fence":1,"minecraft:cobblestone":3,"minecraft:granite":4,"megamons:anistarite_geode_block":2,"cobblemon:roseate_ball":4,"cobblemon:moon_stone":2,"minecraft:rail":2,"cobblemon:vivichoke_seeds":3,"minecraft:stick":2,"minecraft:diorite":5,"minecraft:spruce_trapdoor":1,"minecraft:wooden_axe":2,"minecraft:oak_sapling":2,"minecraft:arrow":4,"minecraft:wooden_pickaxe":2,"minecraft:string":2},"minecraft:mined":{"minecraft:deepslate_redstone_ore":14,"minecraft:tuff":12,"minecraft:crafting_table":5,"minecraft:torch":5,"minecraft:ladder":1,"minecraft:decorated_pot":1,"minecraft:copper_ore":10,"minecraft:lapis_ore":6,"minecraft:diorite":5,"minecraft:wall_torch":2,"minecraft:redstone_ore":7,"minecraft:furnace":5,"minecraft:iron_ore":15,"minecraft:andesite":2,"minecraft:grass":10,"minecraft:coal_ore":29,"minecraft:oak_log":14,"minecraft:deepslate_iron_ore":24,"cobblemon:sun_stone_ore":1,"minecraft:stone":54,"minecraft:gold_ore":7,"minecraft:white_wool":2,"minecraft:deepslate":41,"minecraft:oak_leaves":1,"megamons:crystal_leaf_stone_ore":1},"minecraft:used":{"minecraft:stone_pickaxe":17,"minecraft:baked_potato":4,"minecraft:decorated_pot":1,"minecraft:shield":35,"minecraft:wooden_pickaxe":3,"minecraft:white_wool":5,"minecraft:torch":116,"minecraft:crafting_table":5,"minecraft:wooden_axe":12,"minecraft:iron_pickaxe":215,"minecraft:stone_axe":100,"minecraft:cobblestone":12,"minecraft:furnace":6,"minecraft:bucket":1,"minecraft:cobbled_deepslate":4,"minecraft:cooked_beef":7},"minecraft:picked_up":{"minecraft:wooden_axe":1,"minecraft:crafting_table":4,"cobblemon:leaf_stone":1,"minecraft:andesite":7,"minecraft:leather":5,"cobblemon:red_apricorn":1,"minecraft:wooden_pickaxe":1,"minecraft:oak_log":14,"minecraft:lapis_lazuli":36,"megamons:anistarite_geode_block":2,"minecraft:string":4,"minecraft:raw_copper":33,"cobblemon:white_apricorn":3,"minecraft:bone":5,"minecraft:wheat_seeds":3,"minecraft:cobbled_deepslate":40,"minecraft:raw_gold":7,"minecraft:beef":12,"cobblemon:oran_berry":10,"cobblemon:relic_coin":5,"cobblemon:moon_stone":2,"minecraft:spruce_trapdoor":1,"minecraft:furnace":5,"cobblemon:sun_stone":1,"minecraft:stick":2,"minecraft:raw_iron":41,"minecraft:oak_fence":1,"minecraft:torch":7,"minecraft:gravel":1,"minecraft:porkchop":8,"minecraft:diorite":5,"cobblemon:pink_apricorn":10,"cobblemon:vivichoke_seeds":3,"minecraft:redstone":82,"cobblemon:aspear_berry":4,"minecraft:arrow":8,"minecraft:rotten_flesh":6,"minecraft:decorated_pot":1,"minecraft:granite":4,"cobblemon:black_augurite":1,"cobblemon:hard_stone":1,"minecraft:oak_sapling":2,"minecraft:rail":2,"minecraft:coal":29,"minecraft:cobblestone":54,"minecraft:white_wool":8},"minecraft:custom":{"minecraft:interact_with_furnace":44,"minecraft:mob_kills":20,"minecraft:interact_with_crafting_table":21,"minecraft:time_since_death":101903,"minecraft:climb_one_cm":3182,"minecraft:time_since_rest":101903,"minecraft:sprint_one_cm":291073,"minecraft:damage_taken":423,"minecraft:walk_one_cm":356280,"minecraft:damage_blocked_by_shield":1155,"minecraft:drop":35,"minecraft:damage_dealt":3184,"minecraft:swim_one_cm":1260,"minecraft:fly_one_cm":142602,"minecraft:crouch_one_cm":3489,"minecraft:play_time":101903,"minecraft:sneak_time":2723,"minecraft:walk_under_water_one_cm":1095,"minecraft:jump":948,"minecraft:walk_on_water_one_cm":14594,"minecraft:total_world_time":101903,"minecraft:fall_one_cm":17505}},"DataVersion":3465}