{"stats":{"minecraft:crafted":{"minecraft:cooked_beef":12,"minecraft:oak_planks":56,"minecraft:cooked_porkchop":8,"minecraft:crafting_table":2,"minecraft:iron_helmet":1,"minecraft:wooden_pickaxe":1,"minecraft:baked_potato":4,"minecraft:furnace":3,"minecraft:copper_ingot":17,"minecraft:bucket":1,"cobblemon:roseate_ball":8,"minecraft:stone_axe":2,"minecraft:iron_boots":1,"minecraft:iron_chestplate":1,"minecraft:shield":1,"minecraft:stick":40,"minecraft:iron_ingot":27,"minecraft:iron_pickaxe":1,"minecraft:stone_pickaxe":1,"minecraft:wooden_axe":1,"minecraft:iron_leggings":1,"minecraft:torch":104},"minecraft:killed":{"minecraft:pig":3,"cobblemon:pokemon":2,"minecraft:spider":3,"minecraft:skeleton":4,"minecraft:zombie":7,"minecraft:cow":5},"minecraft:dropped":{"minecraft:stone_axe":1,"minecraft:wheat_seeds":3,"minecraft:cobbled_deepslate":13,"minecraft:cooked_porkchop":8,"minecraft:oak_fence":1,"minecraft:cobblestone":5,"minecraft:granite":4,"megamons:anistarite_geode_block":2,"cobblemon:roseate_ball":4,"cobblemon:moon_stone":2,"minecraft:rail":2,"cobblemon:vivichoke_seeds":3,"minecraft:stick":2,"minecraft:diorite":5,"minecraft:spruce_trapdoor":1,"minecraft:wooden_axe":2,"minecraft:oak_sapling":2,"minecraft:arrow":8,"minecraft:wooden_pickaxe":2,"minecraft:string":5,"minecraft:redstone":18},"minecraft:mined":{"minecraft:deepslate_redstone_ore":14,"minecraft:tuff":12,"minecraft:crafting_table":5,"minecraft:torch":5,"minecraft:ladder":1,"minecraft:decorated_pot":1,"minecraft:copper_ore":10,"minecraft:cobblestone":14,"minecraft:lapis_ore":6,"minecraft:diorite":5,"minecraft:wall_torch":2,"minecraft:redstone_ore":7,"minecraft:furnace":5,"minecraft:cobbled_deepslate":14,"minecraft:iron_ore":15,"minecraft:andesite":2,"minecraft:grass":10,"minecraft:coal_ore":29,"minecraft:oak_log":26,"minecraft:deepslate_iron_ore":28,"cobblemon:sun_stone_ore":1,"minecraft:stone":54,"minecraft:gold_ore":7,"minecraft:white_wool":2,"minecraft:deepslate":48,"minecraft:oak_leaves":1,"megamons:crystal_leaf_stone_ore":1},"minecraft:used":{"minecraft:water_bucket":1,"minecraft:stone_pickaxe":24,"minecraft:baked_potato":4,"minecraft:decorated_pot":1,"minecraft:shield":43,"minecraft:wooden_pickaxe":3,"minecraft:white_wool":5,"minecraft:torch":116,"minecraft:crafting_table":5,"minecraft:wooden_axe":12,"minecraft:iron_pickaxe":248,"minecraft:stone_axe":135,"minecraft:cobblestone":14,"minecraft:furnace":6,"minecraft:bucket":2,"minecraft:cobbled_deepslate":22,"minecraft:cooked_beef":10},"minecraft:picked_up":{"minecraft:wooden_axe":1,"minecraft:crafting_table":4,"cobblemon:leaf_stone":1,"minecraft:andesite":7,"minecraft:leather":5,"cobblemon:red_apricorn":1,"minecraft:wooden_pickaxe":1,"minecraft:oak_log":26,"minecraft:lapis_lazuli":36,"megamons:anistarite_geode_block":2,"minecraft:string":5,"minecraft:raw_copper":34,"cobblemon:white_apricorn":3,"minecraft:bone":7,"minecraft:wheat_seeds":3,"minecraft:cobbled_deepslate":63,"minecraft:raw_gold":7,"minecraft:beef":12,"cobblemon:oran_berry":10,"cobblemon:relic_coin":6,"cobblemon:big_root":1,"cobblemon:moon_stone":2,"minecraft:oak_planks":1,"minecraft:spruce_trapdoor":1,"cobblemon:poison_barb":1,"minecraft:furnace":5,"cobblemon:sun_stone":1,"minecraft:stick":2,"minecraft:raw_iron":45,"minecraft:oak_fence":1,"minecraft:torch":7,"minecraft:gravel":1,"minecraft:porkchop":8,"minecraft:diorite":5,"cobblemon:pink_apricorn":10,"cobblemon:vivichoke_seeds":3,"minecraft:redstone":82,"cobblemon:aspear_berry":4,"minecraft:arrow":8,"minecraft:rotten_flesh":11,"minecraft:decorated_pot":1,"minecraft:granite":4,"cobblemon:black_augurite":1,"cobblemon:hard_stone":1,"minecraft:oak_sapling":2,"minecraft:rail":2,"minecraft:coal":29,"minecraft:cobblestone":65,"minecraft:white_wool":8},"minecraft:broken":{"minecraft:iron_pickaxe":1},"minecraft:custom":{"minecraft:interact_with_furnace":44,"minecraft:mob_kills":25,"minecraft:interact_with_crafting_table":21,"minecraft:leave_game":1,"minecraft:time_since_death":124986,"minecraft:climb_one_cm":3182,"minecraft:time_since_rest":124986,"minecraft:sprint_one_cm":357850,"minecraft:damage_taken":563,"minecraft:walk_one_cm":422333,"minecraft:damage_blocked_by_shield":1460,"minecraft:drop":39,"minecraft:damage_dealt":3984,"minecraft:swim_one_cm":1260,"minecraft:fly_one_cm":178317,"minecraft:crouch_one_cm":3786,"minecraft:play_time":124986,"minecraft:sneak_time":3511,"minecraft:walk_under_water_one_cm":1095,"minecraft:jump":1204,"minecraft:walk_on_water_one_cm":14605,"minecraft:total_world_time":124986,"minecraft:fall_one_cm":22072}},"DataVersion":3465}