{"stats":{"minecraft:crafted":{"minecraft:oak_planks":24,"minecraft:crafting_table":1,"minecraft:stick":20,"minecraft:baked_potato":4,"minecraft:iron_ingot":3,"minecraft:wooden_pickaxe":1,"minecraft:iron_pickaxe":1,"minecraft:stone_pickaxe":1,"minecraft:wooden_axe":1,"minecraft:furnace":1,"minecraft:torch":8},"minecraft:killed":{"minecraft:cow":1},"minecraft:mined":{"minecraft:crafting_table":1,"minecraft:ladder":1,"minecraft:grass":2,"minecraft:oak_log":6,"minecraft:coal_ore":17,"minecraft:decorated_pot":1,"minecraft:copper_ore":9,"minecraft:stone":17,"minecraft:oak_leaves":1},"minecraft:used":{"minecraft:wooden_axe":4,"minecraft:stone_pickaxe":17,"minecraft:baked_potato":2,"minecraft:iron_pickaxe":25,"minecraft:decorated_pot":1,"minecraft:wooden_pickaxe":3,"minecraft:torch":7,"minecraft:crafting_table":1,"minecraft:furnace":1},"minecraft:picked_up":{"minecraft:crafting_table":1,"minecraft:leather":2,"cobblemon:red_apricorn":1,"minecraft:oak_log":6,"cobblemon:pink_apricorn":7,"minecraft:raw_copper":31,"cobblemon:white_apricorn":1,"minecraft:decorated_pot":1,"minecraft:wheat_seeds":2,"minecraft:beef":2,"cobblemon:oran_berry":4,"minecraft:oak_sapling":2,"minecraft:spruce_trapdoor":1,"minecraft:coal":17,"minecraft:cobblestone":17},"minecraft:custom":{"minecraft:time_since_rest":29903,"minecraft:interact_with_furnace":8,"minecraft:sprint_one_cm":67213,"minecraft:damage_taken":70,"minecraft:walk_one_cm":105828,"minecraft:mob_kills":1,"minecraft:damage_dealt":154,"minecraft:interact_with_crafting_table":7,"minecraft:fly_one_cm":52709,"minecraft:crouch_one_cm":727,"minecraft:play_time":29903,"minecraft:sneak_time":488,"minecraft:walk_under_water_one_cm":857,"minecraft:jump":387,"minecraft:walk_on_water_one_cm":7071,"minecraft:time_since_death":29903,"minecraft:climb_one_cm":3182,"minecraft:total_world_time":29903,"minecraft:fall_one_cm":6574}},"DataVersion":3465}