{
  "uuid": "42d887ef-b05f-30a5-bf24-a4c19249771f",
  "starterPrompted": true,
  "starterLocked": false,
  "starterSelected": true,
  "starterUUID": "b83ecad4-4c24-42bf-8dc7-ae0557477655",
  "keyItems": [],
  "battleTheme": "cobblemon:battle.pvp.default",
  "extraData": {},
  "advancementData": {
    "totalCaptureCount": 8,
    "totalEggsHatched": 0,
    "totalEvolvedCount": 0,
    "totalBattleVictoryCount": 11,
    "totalPvPBattleVictoryCount": 0,
    "totalPvWBattleVictoryCount": 11,
    "totalPvNBattleVictoryCount": 0,
    "totalShinyCaptureCount": 0,
    "totalTradedCount": 0,
    "totalTypeCaptureCounts": {
      "electric": 1,
      "fire": 1,
      "fighting": 1,
      "bug": 2,
      "normal": 1,
      "flying": 1,
      "ghost": 2,
      "grass": 2,
      "poison": 1
    },
    "totalDefeatedCounts": {
      "cobblemon:mankey": 1,
      "cobblemon:venonat": 1,
      "cobblemon:geodude": 4,
      "cobblemon:pichu": 1,
      "cobblemon:dreepy": 1
    },
    "aspectsCollected": {}
  }
}