{
  "create:root": {
    "criteria": {
      "0": "2024-08-05 23:14:51 +0000"
    },
    "done": true
  },
  "minecraft:recipes/decorations/crafting_table": {
    "criteria": {
      "unlock_right_away": "2024-08-05 23:14:32 +0000"
    },
    "done": true
  },
  "farmersdelight:main/root": {
    "criteria": {
      "seeds": "2024-08-05 23:14:51 +0000"
    },
    "done": true
  },
  "minecraft:adventure/adventuring_time": {
    "criteria": {
      "minecraft:plains": "2024-08-05 23:14:33 +0000"
    },
    "done": false
  },
  "webdisplays:screen": {
    "criteria": {
      "has_screen": "2024-08-05 23:15:39 +0000"
    },
    "done": true
  },
  "DataVersion": 3465
}